0.148298 0.424656 2
-0.406650 -0.301660 1
-0.638104 -0.250191 2
-0.142280 -0.951641 4
0.438193 -0.259426 2
-0.958279 0.996616 4
0.758978 0.822840 1
0.889253 -0.495531 1
0.850464 0.924719 3
-0.757305 0.053599 4
-0.923340 0.734900 4
-0.146403 0.660845 1
0.022820 0.312680 3
-0.533731 0.629928 2
-0.361955 -0.977279 4
-0.293383 0.786343 1
0.447378 0.299967 2
-0.515317 0.809274 2
-0.950224 0.342403 4
0.857633 0.487969 1
-0.917023 0.899354 4
0.484585 0.841955 2
0.722194 0.373838 1
-0.653577 0.572659 2
0.298557 -0.410882 2
-0.373742 0.375217 1
-0.675982 0.479855 2
0.036062 0.346838 3
-0.207465 0.502331 1
-0.023234 0.430580 4
0.525052 0.683383 1
0.216922 -0.027570 3
-0.016650 0.701605 4
-0.218296 0.033126 4
0.044008 -0.360662 3
-0.478905 0.126985 1
-0.461308 -0.994320 4
-0.031061 -0.739114 4
0.379518 0.315363 2
0.833545 -0.321925 1
0.904481 -0.540197 1
-0.946707 -0.771501 4
0.939657 0.089355 3
0.575337 -0.267808 1
-0.408314 -0.447897 1
-0.837228 -0.883262 4
-0.764513 0.379694 2
0.089168 0.218837 3
0.081299 0.870872 3
-0.748037 -0.874693 4
-0.489790 -0.226943 1
0.252292 0.048901 3
-0.221263 -0.778769 1
0.309787 -0.841745 2
0.536594 0.143332 1
-0.163670 0.441075 1
0.603135 -0.110377 1
0.669574 0.542792 1
0.978978 0.244911 3
-0.725016 -0.429337 2
0.797015 -0.562244 1
-0.312599 -0.967499 4
0.817450 0.776569 1
0.251338 -0.101251 3
0.647441 0.503301 1
0.024056 -0.842349 3
-0.723642 -0.723652 2
0.206552 0.055095 3
-0.502421 -0.483660 2
0.213350 -0.965826 3
0.659672 -0.950320 3
0.475249 0.262806 2
-0.060697 0.144823 4
-0.194401 -0.081719 4
-0.610266 0.080583 2
0.488944 -0.813251 2
0.518339 -0.823655 1
-0.780750 0.335789 2
0.952914 0.470588 3
-0.765462 0.600356 2
-0.026112 0.258594 4
0.758007 0.250246 1
0.534942 -0.035441 3
-0.694658 -0.967479 4
0.480899 0.518692 2
-0.933305 0.140571 4
0.568372 0.541943 1
-0.596623 -0.492325 2
-0.313233 0.208976 1
0.425956 0.076501 2
-0.710441 -0.085100 4
0.263250 0.807897 2
0.091245 0.482500 2
0.143686 0.044159 3
-0.046912 0.378224 4
-0.355485 0.926977 4
-0.363183 -0.597478 1
0.177223 -0.828241 3
0.367081 0.482565 2
-0.795720 -0.152020 4
0.001257 -0.729025 3
0.988551 -0.430371 3
0.812918 -0.608072 1
0.077304 -0.500315 2
0.600903 -0.496740 1
0.576186 0.890462 1
0.418160 -0.160564 2
0.698359 -0.490595 1
-0.678064 -0.157955 2
0.553564 0.275024 1
-0.779731 -0.801921 2
0.202001 -0.142914 3
-0.399400 -0.620776 1
0.028845 0.967681 3
0.861789 0.233125 3
-0.184339 -0.136955 4
0.504100 -0.195788 1
0.432674 0.317019 2
0.196139 -0.490021 2
0.816704 -0.202957 1
0.013239 0.392890 3
-0.312496 -0.568602 1
-0.767674 -0.614136 2
-0.059197 -0.445738 1
0.227909 -0.505633 2
0.829287 0.448177 1
-0.307555 0.031288 4
-0.694737 0.293046 2
0.410512 0.334108 2
0.260727 0.272301 2
-0.432766 -0.923612 1
-0.864654 -0.928666 4
-0.119400 0.568021 1
0.388353 -0.923261 2
-0.922001 0.205056 4
-0.126218 0.091238 4
-0.402054 0.561286 1
0.522636 -0.169728 1
0.947150 -0.536561 3
0.384534 0.175058 2
-0.042195 0.213820 4
-0.376765 0.650251 1
-0.754892 -0.071501 4
-0.056704 0.655620 4
-0.737393 -0.795977 2
-0.072079 -0.170160 4
-0.719589 0.063267 4
-0.098826 0.161011 4
-0.368713 -0.710473 1
0.237750 -0.290713 2
0.494583 -0.888468 2
0.800524 -0.907471 3
0.672818 0.323160 1
-0.077199 0.619968 1
0.786599 -0.692665 1
-0.204974 -0.255595 1
0.521155 0.418262 1
-0.605345 0.766263 2
-0.653240 0.337951 2
0.421883 -0.390633 2
0.541975 -0.650196 1
0.439207 0.822386 2
0.413071 -0.659618 2
-0.016603 -0.955642 4
-0.370092 -0.778853 1
-0.246355 -0.875508 4
-0.667321 -0.445831 2
-0.782979 -0.994503 4
0.877330 0.139822 3
0.625464 0.663929 1
0.447156 -0.579510 2
-0.591666 -0.031688 4
0.838752 -0.197011 3
-0.265425 -0.814488 1
-0.859060 -0.843541 4
-0.205121 0.682915 1
-0.493737 -0.765914 1
0.505301 0.919334 1
-0.425532 -0.511303 1
0.963692 0.204376 3
-0.290156 -0.282663 1
0.328868 0.042523 3
0.271506 0.545889 2
0.048020 0.148836 3
-0.314290 -0.326516 1
-0.187235 -0.867133 4
0.093975 0.221099 3
0.101178 -0.067273 3
-0.975913 0.835753 4
0.118239 -0.834972 3
0.992212 0.913118 3
0.847943 -0.501525 1
-0.852796 0.353243 2
-0.582192 -0.278328 2
0.841941 -0.618499 1
0.926048 -0.448215 1
0.098838 0.254916 3
0.594308 -0.629656 1
-0.199195 -0.357672 1
0.519180 0.486515 1
0.315812 -0.668055 2
0.619381 -0.590214 1
0.553044 -0.279440 1
0.342513 0.577131 2
-0.443687 -0.539248 1
0.742159 -0.451475 1
-0.626131 0.590102 2
0.047000 -0.478927 3
-0.056655 0.464808 1
0.242745 -0.214714 2
0.846309 0.168794 3
0.337071 -0.054853 3
-0.576290 -0.068621 2
0.315491 0.224515 2
0.573707 -0.165329 1
-0.288971 -0.110481 1
0.166617 -0.669589 2
0.299305 -0.280339 2
0.050971 -0.358182 3
-0.703208 0.607284 2
0.102569 -0.961048 3
-0.844191 0.476438 2
0.629053 0.202808 1
0.997512 -0.427601 3
-0.332383 0.240257 1
0.357685 -0.486075 2
-0.590949 -0.305244 2
0.459072 -0.167240 2
0.626135 -0.225437 1
-0.942725 0.199842 4
0.609234 -0.231696 1
-0.910639 -0.224149 4
0.098715 0.388665 2
0.495512 -0.850314 2
-0.969517 0.792304 4
0.756969 0.133052 3
0.831256 0.912778 3
-0.390509 0.460309 1
0.115587 -0.392998 2
-0.967292 0.783203 4
0.847259 0.390393 1
-0.702871 -0.743690 2
-0.914851 0.756201 4
0.089070 0.711284 3
-0.469236 0.146345 1
-0.088874 -0.860002 4
0.914649 0.000486 3
-0.084150 0.013365 4
-0.610848 -0.588639 2
0.163050 -0.580365 2
-0.796334 -0.079980 4
0.552687 -0.965079 3
-0.167202 -0.837822 4
0.495230 0.948385 3
-0.230820 0.527938 1
0.731588 -0.383561 1
-0.081669 -0.971283 4
-0.127251 0.003480 4
0.784918 0.961820 3
-0.285237 -0.684318 1
0.108165 0.625889 2
-0.544319 0.022814 4
-0.373624 0.371530 1
-0.963821 0.015527 4
0.782892 0.199229 1
0.435162 0.986557 3
-0.880751 -0.012151 4
-0.978522 -0.047953 4
0.150027 0.516709 2
-0.099568 0.919207 4
0.044647 -0.367980 3
-0.464354 0.962978 4
-0.339263 0.408395 1
-0.033543 -0.554345 4
0.370215 0.681221 2
-0.238663 -0.521620 1
0.307110 0.217018 2
0.501194 0.933486 1
-0.411452 0.537372 1
-0.050987 -0.628560 4
-0.263399 -0.615825 1
-0.642003 -0.144150 2
0.372024 -0.620525 2
0.807897 -0.477950 1
0.896184 -0.291671 3
-0.558743 -0.059169 2
0.340350 -0.023097 3
-0.096191 -0.998913 4
-0.614701 0.870266 2
-0.553258 0.755514 2
0.551487 0.208080 1
-0.766107 -0.141403 2
-0.574902 0.735087 2
-0.207918 0.013646 4
0.272459 0.741095 2
0.385086 -0.990940 3
-0.874730 0.743082 2
-0.135090 0.497293 1
-0.877442 -0.327192 2
-0.980656 -0.981259 4
0.381137 -0.539399 2
-0.040428 -0.278513 4
0.437504 0.863381 2
-0.277426 0.822803 1
0.733647 0.169317 1
0.578316 0.285133 1
-0.622604 0.812209 2
-0.856270 -0.197506 4
0.547296 -0.064187 1
0.816140 -0.180245 3
-0.323092 0.201226 1
-0.171185 -0.197822 1
-0.055692 0.693726 4
-0.700529 0.066866 4
-0.633466 -0.681185 2
0.085607 0.747671 3
-0.220584 -0.954821 4
-0.530842 -0.783080 2
0.908560 0.191732 3
-0.960277 0.642207 4
-0.638951 0.618039 2
-0.072660 -0.261555 4
0.430248 0.071070 2
0.540940 -0.022456 3
-0.993117 0.357080 4
0.797299 -0.316210 1
-0.441694 -0.373886 1
0.485968 0.502614 2
-0.680160 0.785439 2
-0.430520 -0.313626 1
-0.895746 0.655088 2
-0.565955 -0.116330 2
0.700267 -0.096797 3
0.100589 0.608827 2
-0.905065 0.140312 4
0.251034 -0.544016 2
-0.241649 -0.821626 1
0.194430 -0.811401 2
0.249444 -0.264631 2
0.166143 0.256327 2
-0.907551 -0.036557 4
0.940117 -0.349244 3
0.589557 0.426085 1
-0.846630 0.909397 4
0.211524 -0.277150 2
-0.404229 0.315778 1
-0.622062 0.029815 4
-0.800553 -0.921795 4
0.933018 0.300037 3
0.687032 -0.972047 3
-0.559652 -0.061934 2
-0.516062 0.198699 2
0.116440 0.678368 2
0.387298 -0.634117 2
-0.586263 -0.446559 2
0.622210 -0.493814 1
0.516884 0.562327 1
0.156942 0.106441 3
-0.011588 0.310312 4
0.015838 -0.800064 3
-0.966838 0.611609 4
0.515714 -0.588900 1
-0.358576 0.715161 1
-0.510695 -0.425558 2
0.015197 -0.823662 3
-0.397605 0.455546 1
0.114404 0.086333 3
-0.345755 -0.769157 1
-0.235299 -0.958457 4
-0.403273 0.178438 1
-0.405016 -0.781063 1
0.684624 -0.888132 1
0.781263 -0.158434 1
0.218309 -0.230325 2
-0.848122 -0.765853 2
-0.030389 -0.814960 4
0.845756 -0.514675 1
-0.403859 -0.512820 1
-0.799515 0.085446 4
0.061622 0.215683 3
0.261784 0.664017 2
-0.328772 -0.623812 1
-0.249650 0.325473 1
-0.392969 0.515051 1
0.367016 0.203758 2
-0.306512 0.962000 4
0.422694 -0.621887 2
-0.926131 0.203958 4
0.219679 0.292178 2
0.973633 0.371557 3
0.526325 -0.056756 1
0.556597 0.372081 1
0.428569 -0.847262 2
0.859260 0.629054 1
0.238184 -0.079118 3
-0.155263 -0.500032 1
-0.415101 0.515965 1
-0.123845 0.335249 1
-0.158561 0.483186 1
-0.149700 -0.791545 4
-0.313056 0.543788 1
-0.829545 -0.890362 4
0.921901 -0.755676 3
0.313596 0.141580 2
0.536502 0.287229 1
-0.486864 0.062827 1
-0.769527 -0.930267 4
-0.565092 0.659042 2
-0.777529 -0.705832 2
0.288096 0.460654 2
0.215050 -0.867167 3
0.960622 0.799949 3
0.648798 -0.163223 1
0.135198 -0.509763 2
-0.680037 0.985498 4
-0.301308 0.006907 4
0.529286 -0.130853 1
0.116545 0.451187 2
0.113471 -0.569860 2
-0.407233 -0.350028 1
0.717369 0.105903 3
0.712799 0.947841 3
0.175636 -0.852293 3
0.606883 0.398107 1
-0.558125 -0.105021 2
-0.141238 0.656925 1
0.027811 -0.180617 3
0.456874 -0.323390 2
0.656161 -0.407928 1
0.166846 0.976124 3
-0.422430 0.865538 1
-0.016969 -0.893143 4
-0.265315 -0.900425 4
0.558044 0.848155 1
-0.470285 -0.849189 1
-0.501872 -0.752916 2
0.256714 -0.789073 2
-0.805074 -0.567649 2
-0.641367 0.801809 2
0.830458 -0.199492 1
-0.303213 -0.310781 1
-0.542567 0.724599 2
0.508603 0.914307 1
-0.598792 0.164763 2
-0.493621 0.568054 1
0.140887 0.083949 3
0.433592 -0.876082 2
0.190805 -0.831723 3
-0.776507 -0.251151 2
-0.983568 -0.246792 4
-0.100340 -0.485440 1
0.000292 -0.843625 3
-0.274513 0.195218 1
-0.411274 0.084120 1
-0.002974 -0.580817 4
0.884628 0.693814 1
0.108403 -0.657939 2
0.418413 -0.382994 2
-0.743633 0.819621 2
0.781769 -0.237254 1
0.387675 -0.077344 2
0.846695 -0.178732 3
0.046574 0.037500 3
-0.010455 0.270067 4
0.786350 0.005977 3
-0.976725 -0.313990 4
0.520537 0.023567 3
-0.157615 -0.753977 1
-0.781215 0.431110 2
0.330143 0.215812 2
0.850294 0.214771 3
-0.090375 -0.041303 4
0.556831 -0.671962 1
0.575702 0.813199 1
-0.852341 0.357472 2
-0.424056 0.535334 1
-0.719872 -0.577361 2
-0.643398 0.326702 2
0.460139 0.346146 2
-0.403231 0.246489 1
-0.647877 -0.379956 2
0.932499 0.872660 3
0.643611 -0.225116 1
-0.881317 0.862396 4
-0.794006 0.448826 2
0.078208 -0.943712 3
-0.336403 0.987833 4
0.014985 -0.779572 3
-0.684129 -0.409313 2
-0.966373 -0.536470 4
0.948159 -0.390429 3
0.998864 -0.771713 3
0.032210 -0.644535 3
0.554989 -0.507651 1
0.701612 -0.848242 1
0.738838 -0.946265 3
-0.228199 0.671337 1
0.926394 -0.584588 1
-0.553779 -0.954923 4
-0.722192 -0.347784 2
0.493903 0.356016 2
-0.291496 -0.842500 1
0.343849 0.723489 2
-0.622072 0.659720 2
-0.685823 -0.588445 2
-0.876750 -0.737664 2
0.021126 -0.877887 3
-0.509377 -0.946664 2
-0.522421 -0.954388 4
-0.454315 -0.820810 1
-0.802631 -0.715476 2
-0.767075 -0.030830 4
0.955861 -0.840681 3
0.384582 -0.597918 2
-0.795603 0.662390 2
0.054298 0.698300 3
0.018406 0.762802 3
0.855800 -0.637745 1
0.486291 -0.766272 2
-0.978026 0.800468 4
-0.354717 -0.854776 1
-0.937197 0.666408 4
-0.732662 -0.446574 2
0.719744 -0.255084 1
-0.400963 -0.734570 1
-0.075893 -0.203594 4
-0.450047 0.157032 1
0.765577 -0.494186 1
0.316351 0.150159 2
-0.092103 0.520748 1
-0.187451 0.962195 4
0.219047 0.830955 2
0.724997 0.074847 3
-0.806791 0.211288 2
0.308575 -0.784816 2
0.011755 0.953858 3
-0.639592 0.074559 4
0.620267 -0.372255 1
0.627985 0.340011 1
0.372662 -0.772978 2
0.605440 -0.703232 1
0.023428 -0.844606 3
0.453800 -0.210995 2
-0.338792 -0.229849 1
0.939164 0.569104 1
-0.709101 -0.248287 2
0.531299 0.509946 1
-0.417332 0.256296 1
-0.415207 -0.224123 1
-0.532417 0.893368 2
-0.008939 0.479339 4
0.847227 0.351468 1
-0.446102 0.467493 1
0.979214 -0.818118 3
-0.192496 0.351875 1
-0.591096 -0.587056 2
0.648643 0.432333 1
-0.431662 0.102443 1
-0.778662 0.229546 2
0.872594 -0.839498 3
-0.201350 -0.836507 4
-0.087785 -0.670051 1
0.673439 0.494883 1
0.586245 -0.741768 1
-0.729240 -0.946172 4
-0.848399 0.261820 2
0.533167 0.998827 3
-0.386711 -0.912935 1
0.466320 -0.407498 2
-0.731053 -0.726176 2
0.944377 -0.322149 3
-0.313232 0.593021 1
-0.889816 0.255106 4
-0.304536 -0.668478 1
-0.515348 -0.431942 2
-0.507977 0.283302 2
-0.268448 0.404238 1
0.613251 -0.595009 1
-0.100879 0.199496 4
-0.336777 0.169880 1
0.253324 -0.185177 2
-0.568299 -0.213509 2
-0.186349 0.044989 4
-0.126444 -0.720029 1
0.637491 0.142503 1
-0.446205 0.581869 1
0.820354 0.240564 1
0.174889 0.930538 3
-0.504330 0.870353 2
-0.737940 -0.019678 4
-0.561588 -0.245917 2
-0.736376 0.169963 2
-0.841679 0.876875 4
0.574954 0.057442 3
0.076371 -0.761823 3
-0.772678 -0.670306 2
0.053000 -0.340977 3
0.116185 0.866651 3
0.704012 0.989741 3
-0.853379 0.341504 2
0.132244 -0.299583 2
-0.076628 -0.047402 4
0.940980 -0.901738 3
-0.116865 -0.563350 1
0.968615 0.145195 3
0.416972 -0.592973 2
0.899278 0.680596 1
0.576990 -0.942401 3
0.557471 0.151944 1
0.115041 -0.366158 2
0.390120 0.342363 2
-0.036464 -0.556880 4
-0.998614 -0.920279 4
-0.690229 0.705399 2
-0.930538 -0.543608 2
0.046902 0.201706 3
0.156809 0.970275 3
-0.845696 0.097789 4
-0.931463 0.037439 4
0.534439 -0.962848 3
-0.817366 -0.048589 4
-0.555822 -0.918088 2
-0.367993 -0.978832 4
-0.860489 -0.810522 4
0.173112 0.254552 2
-0.176681 -0.436768 1
-0.403084 0.786855 1
0.006352 -0.401698 3
0.866577 0.316123 1
-0.696299 0.936039 4
0.772515 0.350603 1
0.137745 -0.070676 3
0.320878 0.292049 2
-0.972888 0.389415 4
-0.670511 0.561551 2
0.426566 -0.487877 2
-0.487038 0.870744 1
-0.405965 0.144969 1
0.891913 -0.266454 3
0.334447 0.065024 3
0.988099 -0.842234 3
0.628256 -0.414986 1
0.944621 -0.365392 3
0.183316 0.811198 2
0.950731 0.487017 3
0.747237 0.723246 1
-0.162380 -0.115018 4
-0.347430 -0.841502 1
-0.822968 -0.320318 2
0.547912 -0.493480 1
-0.758767 -0.025522 4
0.018643 -0.245804 3
-0.154777 0.612678 1
0.899164 -0.262865 3
-0.653776 0.233611 2
0.802160 -0.665677 1
0.391377 0.430416 2
-0.080663 0.335998 4
-0.934976 -0.897347 4
0.147196 -0.984245 3
0.589669 -0.105567 1
0.739001 -0.572711 1
0.779415 -0.608429 1
-0.414213 0.956447 4
0.071253 -0.866301 3
-0.537033 0.312486 2
0.108177 0.481610 2
-0.933318 0.953400 4
0.094288 0.965846 3
-0.309465 0.440512 1
0.199457 -0.507305 2
0.774834 -0.409166 1
0.923111 -0.305829 3
0.926832 0.988135 3
-0.203177 0.074028 4
-0.996109 -0.613507 4
0.968460 0.742892 3
-0.186218 0.747876 1
-0.865537 0.399568 2
0.704322 0.205716 1
0.533267 -0.832711 1
-0.481797 -0.358556 1
0.648899 -0.415116 1
-0.405156 -0.256814 1
-0.449269 0.285380 1
-0.816302 0.750188 2
0.778075 0.958532 3
-0.658978 0.701186 2
-0.347297 -0.732146 1
0.689321 0.449526 1
0.341882 0.693212 2
0.836019 0.310342 1
0.436104 -0.350199 2
0.058218 0.570568 3
-0.950631 -0.237460 4
-0.223716 0.582636 1
-0.070171 0.294486 4
-0.775919 -0.421272 2
0.879371 -0.181075 3
0.321915 -0.569899 2
-0.895695 0.505613 2
-0.819711 0.882379 4
0.464145 -0.478689 2
0.583565 -0.883153 1
-0.210835 0.272886 1
0.566374 -0.868953 1
-0.033902 0.402393 4
0.441389 -0.597797 2
-0.947806 -0.500394 4
0.972770 -0.898437 3
0.262146 -0.250946 2
0.684199 -0.808024 1
-0.956459 0.908279 4
-0.229296 0.922911 4
-0.272796 -0.907382 4
-0.646987 -0.168491 2
0.598231 -0.466698 1
-0.286112 0.062375 4
0.054613 -0.702547 3
0.179223 0.843778 3
0.570339 -0.254404 1
0.974825 -0.463562 3
-0.852011 0.416213 2
-0.061360 -0.799817 4
0.915820 -0.088589 3
-0.698255 0.177966 2
0.660465 0.985944 3
0.369942 0.704006 2
0.894224 -0.859355 3
0.626917 -0.378572 1
-0.766737 0.979930 4
0.452937 0.831494 2
-0.486768 -0.833175 1
-0.106130 0.567845 1
-0.535722 -0.926908 2
0.411623 -0.965382 3
-0.181311 0.386447 1
-0.428945 -0.033322 4
-0.197340 0.509696 1
0.166860 -0.281520 2
-0.578894 0.468606 2
0.896446 -0.918429 3
0.454550 0.266388 2
0.785577 0.348774 1
0.407033 0.412494 2
0.970202 0.640296 3
0.392423 0.423139 2
0.471790 0.905655 2
0.589964 -0.634340 1
0.473500 -0.945758 2
-0.561248 -0.114878 2
-0.911140 0.257441 4
-0.728431 -0.340085 2
-0.775881 0.074230 4
-0.830390 0.390979 2
0.792710 -0.409283 1
-0.140415 0.689156 1
-0.327712 -0.685866 1
-0.044457 -0.542135 4
0.662908 -0.637424 1
0.870359 0.633110 1
-0.997128 0.262782 4
0.056248 0.474663 2
0.168437 -0.353788 2
0.840323 -0.358063 1
-0.299546 -0.720925 1
0.527059 -0.210687 1
0.536516 0.798628 1
0.449228 0.760635 2
-0.127142 0.618839 1
0.151614 -0.334432 2
-0.790445 -0.988802 4
-0.645277 -0.118157 2
-0.674667 0.310267 2
0.339708 0.988241 3
0.672843 0.210067 1
0.621350 0.675715 1
-0.527152 -0.322402 2
0.150378 0.641285 2
0.323810 -0.009299 3
-0.716778 -0.975736 4
0.269777 0.810281 2
-0.186423 -0.193707 1
0.608909 -0.737195 1
-0.433073 -0.518233 1
0.881644 0.718541 1
0.147334 -0.908801 3
0.729739 0.502058 1
-0.026958 -0.944928 4
-0.187676 -0.687249 1
-0.956687 -0.514833 4
0.522817 0.664663 1
-0.839117 0.995665 4
-0.657739 0.311261 2
0.636951 0.666071 1
-0.698038 0.920173 4
0.690335 0.571739 1
0.730454 -0.496088 1
-0.621968 0.339362 2
-0.233282 -0.055041 4
0.821129 -0.351638 1
-0.336500 -0.031537 4
-0.260439 -0.606761 1
-0.529479 0.712603 2
-0.551689 0.282845 2
-0.974646 -0.508376 4
0.768012 0.548171 1
-0.843714 0.928895 4
0.543836 -0.501452 1
0.240156 0.180787 2
-0.835381 0.542118 2
0.100960 0.854954 3
0.113857 -0.168586 3
-0.641133 0.491888 2
-0.829224 0.125584 4
-0.563153 0.991905 4
0.773946 0.100347 3
-0.039632 -0.486493 4
0.493586 0.430889 2
-0.773890 0.941897 4
-0.286266 -0.748536 1
-0.566479 -0.518254 2
0.799635 -0.410193 1
-0.589359 0.343472 2
0.088355 0.650797 2
-0.475741 0.252974 1
0.192915 0.625219 2
0.107928 -0.693228 2
-0.543367 0.466795 2
0.798660 -0.372591 1
-0.407621 -0.764493 1
-0.380686 -0.633675 1
0.335854 0.579683 2
-0.120168 -0.170560 4
0.010572 0.105943 3
-0.228663 0.724306 1
0.357407 0.204858 2
-0.793948 0.157043 4
0.794665 -0.383307 1
-0.499486 -0.116980 1
-0.732511 0.024774 4
-0.864006 0.460404 2
-0.350007 0.243922 1
0.767176 0.106626 3
-0.289283 0.565836 1
0.734035 0.303096 1
0.801343 -0.646650 1
0.669421 0.137197 1
0.933032 -0.450746 1
0.966637 -0.056396 3
0.655196 -0.262025 1
-0.332091 0.012604 4
0.942833 -0.126039 3
-0.830354 0.737498 2
0.490654 -0.329839 2
-0.379481 0.758143 1
0.694934 -0.243487 1
0.218547 -0.655073 2
-0.999565 -0.014277 4
0.451554 -0.288848 2
-0.448441 0.185589 1
-0.985752 -0.647099 4
0.538939 0.683669 1
0.490098 0.471971 2
-0.767077 0.456735 2
-0.584425 0.888119 2
-0.805290 0.083484 4
-0.099277 -0.862457 4
0.957446 0.070369 3
0.875041 0.448100 1
0.740530 -0.504440 1
0.206243 0.435464 2
0.252073 -0.575210 2
0.780392 0.252508 1
0.410513 0.231945 2
0.963659 0.962072 3
-0.582466 0.977907 4
-0.685027 0.956473 4
0.661576 0.805072 1
0.428444 0.894499 2
0.261807 0.844019 2
0.782618 0.456517 1
-0.072496 -0.316659 4
0.594061 -0.115050 1
0.753711 0.469102 1
-0.666951 0.494241 2
0.964662 0.539292 3
-0.070295 0.216735 4
0.964082 -0.289903 3
-0.530757 0.374596 2
0.942042 -0.567098 1
0.336668 -0.640423 2
-0.589191 0.651641 2
-0.683950 -0.927614 4
0.456713 0.744494 2
0.966885 -0.281480 3
0.588514 0.749503 1
-0.824962 -0.483982 2
-0.567156 0.769098 2
0.400967 -0.813445 2
0.238200 0.734016 2
0.680795 0.202862 1
0.273309 -0.389500 2
-0.580403 0.237391 2
0.320597 -0.111160 2
-0.388013 0.262639 1
0.321742 0.948655 3
0.622216 0.732551 1
0.600296 0.938266 3
0.804937 0.057009 3
0.682760 0.771822 1
0.775529 0.271274 1
0.521325 0.950567 3
0.787291 0.954169 3
0.719665 0.188258 1
-0.859276 -0.042135 4
-0.077725 0.821519 4
-0.839273 -0.804417 4
-0.567981 -0.419675 2
0.432974 0.752617 2
0.469164 -0.955039 3
0.015256 -0.209094 3
0.993616 -0.362528 3
-0.476542 0.593912 1
-0.424263 -0.671605 1
-0.349079 -0.741503 1
-0.899783 -0.573550 2
0.529771 0.621541 1
-0.622983 0.317062 2
0.575711 -0.903318 1
-0.494679 0.716434 1
0.054547 0.427596 3
0.537954 0.215275 1
0.623179 0.969973 3
0.795599 0.056153 3
0.722590 0.264763 1
0.101115 -0.262155 3
-0.944330 0.094730 4
0.375317 -0.420872 2
-0.311358 0.951055 4
-0.092477 0.339563 1
-0.790448 0.007739 4
0.766014 0.739323 1
-0.370719 -0.856969 1
0.056385 -0.795009 3
-0.760287 0.561705 2
0.921426 0.294260 3
-0.010699 0.459379 4
-0.490466 -0.387520 1
0.429352 -0.694867 2
0.668633 0.151942 1
0.569897 -0.230252 1
0.889787 0.625567 1
0.864478 0.265104 1
-0.795305 -0.446879 2
0.216159 0.112217 3
0.892684 0.425711 1
-0.880044 0.658697 2
0.165034 -0.250763 2
0.801728 -0.778582 1
-0.045772 -0.958559 4
0.783124 -0.124346 3
0.335701 -0.227575 2
-0.664967 0.845235 2
0.384905 0.764386 2
-0.849632 0.053538 4
-0.083673 0.720265 4
0.823286 -0.193885 1
0.345832 0.687764 2
-0.928781 0.550527 2
-0.759115 0.287378 2
-0.337256 -0.866431 1
-0.286911 -0.217300 1
0.792266 0.878122 3
0.531937 0.593994 1
-0.900459 -0.513834 2
0.635435 0.882665 1
0.361820 -0.028865 3
-0.344911 0.696853 1
-0.183630 -0.960006 4
0.461238 -0.033261 3
0.093532 -0.622434 2
-0.312996 -0.083182 4
0.183680 -0.967164 3
-0.395417 0.254899 1
0.583363 -0.154532 1
-0.457723 -0.753894 1
-0.020964 0.255366 4
0.028806 -0.228697 3
0.133488 -0.439257 2
-0.634703 0.233029 2
0.046909 -0.999268 3
0.115693 -0.591271 2
-0.028133 0.770783 4
-0.894418 0.788238 4
0.810777 0.566820 1
-0.245024 -0.095691 4
0.944386 0.441980 3
0.821128 0.128066 3
0.474816 -0.574290 2
-0.617035 0.058179 4
0.271178 -0.074758 3
0.304285 -0.749786 2
-0.819392 -0.666909 2
0.021517 0.314096 3
-0.106165 0.386814 1
-0.452875 0.940744 1
0.387546 0.662818 2
-0.650528 -0.640587 2
0.433600 -0.544946 2
-0.852349 0.244377 2
-0.978126 -0.097372 4
-0.851314 0.966260 4
-0.655392 0.969814 4
0.094326 0.819424 3
-0.604476 0.477291 2
-0.122397 0.666702 1
-0.597466 -0.818112 2
0.916916 -0.416858 1
-0.485020 -0.061567 1
0.897238 0.408815 1
-0.674753 -0.555637 2
0.349559 0.712793 2
-0.892819 0.699031 2
-0.927793 0.540781 2
-0.845915 -0.780142 2
-0.214842 -0.824041 1
0.122485 -0.066155 3
-0.857781 0.467093 2
-0.096341 0.236545 4
0.286518 0.299183 2
-0.286164 -0.835879 1
-0.034115 0.116370 4
-0.653991 -0.117198 2
0.699512 -0.139011 1
0.821235 0.596750 1
-0.730196 -0.853518 2
-0.958887 0.619363 4
0.859276 -0.851706 3
0.318394 0.931482 3
0.689075 0.472479 1
-0.848660 -0.525767 2
0.648438 0.273825 1
0.408077 0.790657 2
-0.259081 -0.688264 1
0.027202 -0.972564 3
0.610919 0.741038 1
-0.808443 -0.423196 2
-0.142591 -0.462433 1
0.459606 -0.443079 2
0.398556 0.280841 2
-0.846329 0.668361 2
0.427323 -0.805215 2
0.287723 0.286599 2
-0.656922 -0.393883 2
0.218081 -0.967847 3
-0.921403 0.369421 2
-0.493614 0.727035 1
-0.356754 0.914463 1
0.517692 0.384165 1
-0.773801 -0.455106 2
0.411601 0.837118 2
-0.714068 0.603158 2
-0.586078 0.143341 2
-0.859275 0.873528 4
0.700262 0.539282 1
0.154369 0.853934 3
0.207642 -0.418308 2
-0.951282 -0.504634 4
0.868291 -0.608204 1
0.101483 0.086371 3
-0.576051 0.180080 2
-0.544208 -0.069665 2
-0.092885 0.099038 4
-0.155202 -0.575194 1
-0.516798 0.070997 2
-0.030300 0.894803 4
-0.091885 0.255633 4
0.497962 0.322038 2
-0.601026 0.638687 2
0.195566 -0.900764 3
0.177969 -0.650065 2
0.953170 -0.614389 3
-0.068373 -0.998112 4
-0.119023 -0.200082 4
-0.606316 0.982461 4
0.886289 -0.182367 3
0.162540 -0.657919 2
0.747968 -0.930345 3
0.441118 -0.407234 2
-0.505539 0.924321 2
0.663764 0.464162 1
0.819124 -0.428121 1
-0.280206 0.317085 1
0.893917 0.118768 3
-0.044227 0.089483 4
0.218004 -0.866258 3
0.439418 0.171174 2
-0.480647 -0.628955 1
0.173062 0.400330 2
0.170963 0.566746 2
0.382791 0.057252 3
-0.615621 -0.454669 2
0.399332 -0.867652 2
-0.385014 -0.159549 1
-0.274886 0.109448 4
-0.235229 -0.611122 1
-0.426391 -0.416105 1
-0.039243 0.293404 4
0.900981 -0.145326 3
-0.587828 -0.143247 2
0.944157 0.630176 3
-0.009505 0.383576 4
-0.198650 0.509848 1
0.754621 0.974412 3
-0.089822 -0.074416 4
0.541158 -0.707031 1
0.982836 0.925537 3
-0.161700 0.382168 1
-0.942115 0.453286 2
-0.777381 -0.217001 2
-0.437266 -0.012610 4
0.171877 0.136344 3
0.571286 -0.867366 1
-0.570253 0.472266 2
-0.012692 -0.158081 4
-0.670980 -0.068535 4
-0.527904 0.319515 2
-0.684960 0.273446 2
-0.170638 -0.930339 4
0.247858 0.739540 2
-0.004755 -0.210985 4
-0.967491 -0.021919 4
-0.285448 -0.129191 1
-0.639751 -0.227563 2
-0.675904 -0.417132 2
0.555435 -0.113170 1
0.570258 -0.272688 1
-0.976826 0.141544 4
-0.140054 -0.547079 1
-0.386190 0.847253 1
0.294840 -0.057170 3
-0.221282 0.766936 1
-0.737656 0.093758 4
0.040382 0.091707 3
0.163420 -0.711761 2
-0.168753 -0.841335 4
0.077255 -0.136244 3
0.136745 0.791807 3
0.734565 0.496994 1
-0.435756 -0.941339 1
-0.920138 -0.880321 4
-0.054509 0.650120 4
-0.153009 -0.031335 4
-0.208337 0.706937 1
0.421585 0.405473 2
0.554190 -0.283574 1
-0.651697 -0.667092 2
-0.516638 -0.389352 2
0.426667 0.523743 2
0.702354 -0.409914 1
0.811983 -0.466399 1
-0.251249 -0.110762 4
0.397358 0.885497 2
-0.318955 0.131923 1
0.382491 0.245289 2
0.190584 0.462352 2
0.364968 -0.863925 2
0.112472 -0.788040 3
0.104740 0.904135 3
0.918896 -0.473675 1
0.309609 0.473087 2
0.242751 0.657912 2
0.805995 0.726112 1
-0.731440 0.232661 2
0.249856 0.970914 3
0.822747 0.061839 3
-0.495484 -0.428501 1
0.951076 0.901873 3
-0.543005 -0.367879 2
0.033796 0.839486 3
0.877410 -0.775620 3
0.301838 0.242378 2
-0.639545 -0.585690 2
0.454338 0.465195 2
-0.681555 0.373234 2
0.991520 0.628054 3
-0.153679 0.234271 1
0.285967 -0.347685 2
-0.039617 0.554526 4
0.884976 -0.789761 3
0.525441 0.707724 1
0.272078 -0.970044 3
-0.720778 0.223154 2
0.931830 -0.263782 3
0.855275 -0.034374 3
-0.424297 0.732685 1
0.190006 0.877541 3
-0.024936 0.550461 4
-0.708149 -0.570599 2
0.015656 -0.389703 3
0.802636 0.007175 3
-0.761649 -0.351044 2
-0.758554 0.524318 2
0.301272 0.201829 2
0.078844 0.186248 3
0.412068 -0.395715 2
-0.106028 -0.315854 1
-0.365759 0.173194 1
0.907300 -0.433929 1
0.909412 0.762575 3
0.531697 -0.514885 1
0.495261 -0.278298 2
-0.637344 -0.529676 2
-0.727837 -0.345492 2
-0.100274 0.287819 4
0.264805 -0.297639 2
-0.705006 0.503156 2
0.351317 -0.463560 2
0.027474 -0.347411 3
0.738269 -0.893682 3
0.838837 0.150337 3
-0.289397 -0.267191 1
0.834483 0.344844 1
0.906003 0.741782 3
0.910915 0.815415 3
0.504358 0.442611 1
-0.699470 -0.000381 4
-0.835686 -0.336814 2
0.469943 -0.563523 2
0.317694 -0.630332 2
0.724296 -0.417501 1
0.072030 -0.980710 3
-0.914345 -0.576653 2
-0.444270 0.113128 1
0.075936 -0.706001 3
0.219446 -0.085227 3
0.444336 0.930049 2
0.647581 0.278818 1
0.274893 0.553584 2
0.020601 0.185808 3
0.368999 -0.475041 2
-0.371581 0.669529 1
0.524577 -0.207267 1
-0.667285 -0.005480 4
0.229210 0.650409 2
0.364188 -0.046494 3
-0.767092 -0.563782 2
-0.027204 -0.681437 4
-0.140435 0.528526 1
0.431691 0.935500 2
0.822524 -0.348863 1
-0.149727 0.266860 1
-0.418814 -0.502146 1
-0.454322 0.856079 1
-0.948561 0.566279 4
0.041887 0.420438 3
-0.908762 0.670306 2
0.089967 0.615815 2
-0.536961 0.422682 2
-0.389665 0.692249 1
0.073091 0.974523 3
-0.354245 0.305999 1
-0.589259 0.618551 2
0.624562 0.270305 1
0.147077 0.056253 3
0.205806 -0.030399 3
0.707390 -0.943921 3
-0.763539 -0.711424 2
-0.446067 -0.217860 1
-0.855344 -0.394628 2
-0.651581 0.186543 2
-0.974191 -0.560343 4
-0.143151 0.115776 4
-0.944529 0.319888 4
-0.461542 -0.334194 1
0.012137 0.611549 3
-0.359671 0.657893 1
-0.082452 0.051069 4
0.276444 -0.457891 2
-0.678625 -0.576479 2
0.598362 0.527180 1
0.393122 0.305752 2
0.583259 0.629583 1
0.594328 -0.862808 1
-0.588277 0.738984 2
-0.257436 -0.239858 1
-0.074474 -0.231627 4
0.199799 0.782375 2
0.884149 0.255270 3
0.102263 -0.577393 2
0.921076 -0.885599 3
-0.965844 -0.438596 4
0.772293 -0.048297 3
0.612474 0.048737 3
0.493813 0.933848 2
0.472257 0.092175 2
0.461029 -0.134621 2
-0.602073 0.044288 4
-0.505038 0.992255 4
0.181480 -0.093315 3
0.731239 0.924044 3
0.666827 -0.343235 1
-0.307583 -0.133374 1
-0.560860 -0.423434 2
-0.878104 0.541404 2
-0.000827 -0.957029 4
0.655804 0.033328 3
-0.395624 0.428097 1
0.985032 -0.783151 3
-0.523166 0.478844 2
-0.849302 0.949091 4
-0.428981 0.611726 1
-0.185530 -0.031054 4
-0.343986 0.309433 1
-0.038800 0.837494 4
-0.783882 -0.307561 2
0.761538 0.882946 3
0.349204 -0.546046 2
-0.250428 0.788345 1
0.030520 -0.128533 3
0.329748 -0.970307 3
-0.085561 -0.014447 4
0.063022 0.518815 2
-0.586350 0.048053 4
0.735664 -0.109516 3
-0.473102 0.886362 1
-0.160425 0.097917 4
0.498088 0.654045 2
-0.933137 -0.845898 4
-0.036522 0.028063 4
0.991596 0.179596 3
0.720502 0.753133 1
0.062542 0.069707 3
-0.792912 0.812114 2
-0.141949 0.237608 1
-0.316419 -0.812200 1
0.267302 0.598020 2
0.173352 -0.669677 2
0.116835 0.587002 2
0.378377 -0.147501 2
-0.522514 0.905275 2
-0.261140 0.317061 1
0.003192 -0.763052 3
-0.028894 0.070054 4
-0.608950 0.934584 4
-0.901883 -0.617354 2
0.114181 0.818620 3
-0.864221 -0.823277 4
-0.111674 -0.657133 1
0.988836 0.746378 3
0.580475 -0.327583 1
0.934178 -0.152223 3
-0.729563 0.107530 4
0.178100 0.387272 2
-0.305467 -0.443523 1
-0.760230 0.172019 2
-0.538249 -0.021369 4
-0.510920 0.464943 2
0.215579 0.460186 2
-0.465003 0.606628 1
0.394770 -0.366886 2
0.989274 -0.491049 3
-0.548266 -0.874947 2
-0.314327 0.340060 1
-0.532080 -0.325490 2
0.086438 -0.951604 3
0.346927 0.020616 3
-0.103827 0.617364 1
-0.871854 -0.925727 4
0.004636 -0.177321 3
-0.369250 0.244407 1
0.994697 0.092501 3
-0.776963 -0.516223 2
-0.442556 0.438616 1
0.943963 0.092441 3
0.045244 0.338733 3
0.725555 0.034518 3
0.847684 -0.822711 3
0.159572 -0.466643 2
0.517350 0.627492 1
0.207866 -0.396212 2
0.675887 -0.445207 1
0.624404 -0.427940 1
-0.827843 0.752550 2
-0.353667 0.176794 1
-0.424771 0.277083 1
-0.578800 -0.430074 2
-0.630417 -0.355762 2
0.053703 -0.072973 3
-0.917147 -0.002335 4
-0.980532 0.128098 4
-0.663602 0.745023 2
-0.837384 -0.815918 4
0.922312 0.322188 3
-0.282561 0.439661 1
-0.050321 0.925305 4
-0.956551 -0.374433 4
-0.519902 0.667853 2
0.197627 -0.347744 2
0.420403 0.843960 2
0.829049 0.995631 3
0.121042 -0.749750 3
-0.434443 0.490626 1
-0.105513 0.619260 1
-0.582347 -0.022659 4
-0.383075 -0.562880 1
-0.894562 -0.046676 4
-0.817857 -0.731946 2
0.137406 -0.895545 3
0.590242 0.854844 1
0.544116 -0.460079 1
0.780149 0.587565 1
0.165488 -0.739752 2
0.255418 -0.636885 2
-0.087496 -0.324179 4
-0.792925 -0.258447 2
-0.328547 0.328117 1
-0.008197 0.237010 4
-0.181257 0.886290 4
-0.143730 0.236395 1
-0.136369 0.473196 1
0.673516 -0.030931 3
-0.573481 0.855659 2
0.237124 0.563925 2
0.960114 -0.172634 3
0.418769 0.504230 2
0.367287 0.198919 2
0.091796 -0.467225 2
0.459167 -0.652786 2
-0.104110 -0.628330 1
0.023035 0.102965 3
0.113224 0.694488 2
-0.568918 -0.894973 2
-0.068502 0.249825 4
0.991317 0.787768 3
-0.513779 -0.145052 2
0.260964 -0.840263 2
0.824017 0.687483 1
-0.984604 0.061141 4
0.251408 0.975509 3
0.888507 -0.329822 1
0.479740 0.255794 2
0.869097 -0.428465 1
0.788570 0.328263 1
-0.081251 -0.315540 4
0.699934 0.941785 3
0.787425 -0.186843 1
0.636273 -0.781492 1
-0.081816 -0.432229 1
0.468333 -0.090499 2
-0.644461 0.954554 4
0.764448 0.616503 1
-0.885710 0.588466 2
0.303987 -0.870314 2
-0.350393 -0.444605 1
-0.894805 -0.461886 2
0.225573 0.584935 2
0.793908 0.094669 3
-0.843530 0.582478 2
-0.577068 0.075220 2
-0.733062 -0.877134 2
0.017004 -0.945637 3
-0.063977 -0.346723 4
-0.727129 0.854207 2
0.221048 0.741204 2
-0.236292 0.576587 1
0.695757 -0.471844 1
0.193090 0.810047 2
-0.883379 -0.502923 2
0.939733 -0.233772 3
0.052472 -0.955072 3
0.304342 -0.721956 2
0.629863 0.098250 1
0.372713 0.786333 2
-0.319273 0.795646 1
-0.138447 -0.052335 4
0.918512 0.878557 3
0.002028 -0.145465 3
-0.468166 0.274899 1
-0.291258 0.752882 1
0.016103 0.472449 3
0.329469 -0.288140 2
-0.999395 -0.477441 4
-0.478093 -0.882773 1
0.019636 -0.538360 3
-0.116545 -0.927892 4
-0.493431 -0.812204 1
-0.649848 -0.863568 2
0.286046 0.722866 2
0.922765 0.966773 3
0.518511 -0.215682 1
-0.085562 0.437023 1
-0.337125 0.916466 1
-0.708442 0.194710 2
0.191365 0.000299 3
-0.052408 -0.792532 4
-0.527251 -0.722939 2
-0.080672 -0.526646 1
-0.200380 0.441235 1
-0.409420 0.819256 1
0.902876 0.474035 1
0.891364 -0.590556 1
0.661831 -0.758484 1
-0.454124 -0.052123 4
0.964382 -0.531358 3
-0.085350 0.482893 1
0.252960 0.829089 2
-0.080084 0.915835 4
0.745555 0.211474 1
0.110545 -0.063080 3
-0.788227 -0.941863 4
0.144388 -0.315478 2
-0.664802 -0.936284 4
0.157875 0.134818 3
0.504951 0.748455 1
-0.045925 0.407827 4
0.222490 -0.154561 2
0.817271 -0.115679 3
0.086955 -0.636853 2
0.832199 0.051337 3
-0.168211 -0.253151 1
-0.465770 -0.915251 1
-0.424062 0.454147 1
-0.999416 -0.678507 4
-0.334380 0.111129 1
0.258413 -0.122607 3
0.169266 -0.597199 2
0.561915 0.504464 1
-0.533484 -0.280210 2
-0.360718 0.971467 4
-0.531754 0.593356 2
0.379294 0.690736 2
-0.561205 0.196565 2
-0.424943 0.525751 1
0.559712 -0.592744 1
-0.422912 -0.608499 1
0.154105 0.111318 3
-0.523750 0.730042 2
-0.434535 -0.523166 1
-0.948465 0.231085 4
0.587963 0.309947 1
-0.891522 -0.242772 4
0.712748 0.670393 1
-0.738308 -0.820736 2
-0.609817 -0.099026 2
-0.849268 -0.141571 4
-0.505670 0.530025 2
-0.450835 -0.066875 1
-0.273410 0.124222 1
-0.541124 -0.713697 2
0.531478 0.035964 3
-0.322196 -0.314417 1
-0.852717 0.154054 4
-0.584375 -0.287253 2
0.630887 -0.532840 1
0.943833 0.218850 3
0.777107 -0.947689 3
0.976078 0.489855 3
0.722704 -0.762230 1
0.669119 -0.887112 1
0.138744 0.819851 3
-0.028683 0.633074 4
0.349876 0.520482 2
-0.433800 -0.923533 1
-0.355296 0.025076 4
-0.637231 -0.823819 2
-0.938960 0.040573 4
-0.138236 -0.791678 4
-0.805373 0.277389 2
-0.078930 0.825514 4
0.744548 -0.135098 1
0.044364 0.521656 3
-0.082787 0.020443 4
0.011511 -0.360082 3
0.258213 -0.319370 2
-0.247195 -0.603043 1
-0.499519 0.724122 1
-0.969969 0.850357 4
0.244604 -0.403769 2
0.926824 0.889307 3
0.621307 -0.710406 1
-0.934511 0.682347 4
0.330167 -0.072747 3
0.890669 0.524794 1
-0.795359 -0.188261 2
0.350308 0.949190 3
0.676642 -0.605328 1
0.470846 -0.406145 2
0.415115 -0.517644 2
0.233773 -0.326672 2
0.162986 0.986578 3
0.070285 0.663467 3
0.710701 0.100316 3
0.513825 -0.044696 3
0.696547 0.440649 1
-0.155388 0.317854 1
0.730242 -0.089900 3
0.000201 0.060409 3
0.837353 -0.109130 3
-0.414797 -0.958006 4
0.702609 0.935511 3
0.991184 0.379251 3
-0.669817 0.462030 2
0.973106 0.745298 3
0.944386 0.206879 3
-0.581374 0.107372 2
0.193458 0.488910 2
-0.229161 -0.095842 4
-0.410774 -0.715336 1
0.859462 -0.714227 1
0.725313 -0.295926 1
0.603627 0.455555 1
0.614174 -0.396172 1
-0.484036 0.451527 1
0.494698 0.101168 2
0.493521 0.197307 2
0.036679 0.484706 3
-0.423442 0.366862 1
-0.053264 -0.450335 4
0.112160 -0.108878 3
0.756544 0.530785 1
0.998494 -0.049999 3
0.019696 -0.230667 3
0.854160 0.608922 1
0.053997 0.713622 3
0.894695 -0.220690 3
-0.582304 0.498322 2
-0.765136 -0.968130 4
-0.897850 -0.249171 4
0.483397 0.596848 2
0.851996 -0.023082 3
-0.205845 -0.111325 4
-0.538376 0.370713 2
-0.744463 0.408359 2
0.920378 0.367697 1
-0.700519 0.676922 2
-0.101518 -0.702025 1
-0.373077 0.918178 1
0.067308 -0.518918 2
0.527100 -0.878695 1
-0.805296 0.421794 2
-0.099386 -0.387600 1
-0.079884 0.135479 4
-0.355730 0.022266 4
0.886308 -0.872334 3
-0.380887 0.738304 1
0.104584 0.413268 2
-0.373021 0.566208 1
-0.216019 -0.117484 4
-0.025433 -0.295641 4
-0.749787 0.274048 2
-0.618720 0.148695 2
0.572023 0.008203 3
0.066873 -0.360669 3
0.489286 -0.406027 2
-0.239365 0.683990 1
-0.984233 0.661250 4
-0.703610 -0.064117 4
-0.203272 -0.059340 4
0.958149 -0.316964 3
0.068326 -0.422738 2
-0.578660 -0.827090 2
0.990530 0.048319 3
0.739118 -0.225489 1
0.930835 -0.286315 3
0.478870 -0.818952 2
0.987733 0.860151 3
0.329743 0.559755 2
-0.131646 -0.603384 1
-0.800914 -0.642360 2
-0.009411 -0.040279 4
-0.958370 0.006356 4
-0.379029 -0.661980 1
0.942239 0.417699 3
0.278680 0.900388 3
-0.899265 -0.652995 2
-0.522350 -0.477925 2
-0.480085 -0.531819 1
0.570394 -0.740967 1
0.242692 0.501229 2
-0.027282 -0.278438 4
0.682277 -0.039550 3
-0.418287 0.012020 4
-0.479794 0.450067 1
0.408637 -0.280708 2
0.807707 -0.600774 1
0.679013 0.849338 1
0.405582 -0.700016 2
-0.812642 0.347821 2
0.717683 0.466038 1
0.248209 0.818418 2
0.813043 0.725860 1
-0.659507 -0.667042 2
-0.805960 0.910887 4
-0.408009 0.436732 1
0.412116 0.564709 2
-0.841705 0.094393 4
-0.474841 -0.259992 1
-0.893587 0.045365 4
-0.809925 0.515050 2
0.764657 0.997783 3
0.914275 0.443670 1
0.847121 0.319857 1
0.743654 -0.965522 3
-0.332322 0.461337 1
0.500516 0.915888 1
0.279755 0.313559 2
0.641747 0.620248 1
0.646518 0.835787 1
0.531134 -0.761491 1
0.272519 -0.056750 3
0.803218 0.430814 1
-0.962357 -0.671623 4
-0.829178 -0.855944 4
0.373742 -0.639103 2
0.659106 0.138399 1
-0.641320 0.573381 2
-0.417931 -0.794199 1
-0.106761 -0.674278 1
-0.759721 0.560917 2
0.787059 0.740795 1
0.476804 0.066813 2
0.054355 0.118551 3
-0.312939 -0.299128 1
-0.045661 -0.781805 4
-0.060619 -0.773142 4
0.161446 -0.257400 2
0.657672 0.199089 1
0.070977 0.828494 3
0.343145 -0.555281 2
-0.810608 0.002251 4
0.583118 -0.451928 1
-0.424368 -0.834813 1
-0.246127 0.468870 1
-0.509091 -0.005848 4
0.029787 -0.722032 3
-0.265053 -0.493408 1
0.344782 0.789302 2
0.625143 -0.968157 3
-0.509826 -0.420518 2
-0.749962 0.429555 2
-0.193660 0.411484 1
-0.827845 -0.535988 2
-0.389428 0.243132 1
-0.707494 0.953717 4
0.687851 -0.518102 1
-0.044032 0.270969 4
0.029970 0.531600 3
0.436156 0.783842 2
0.000470 0.927065 3
-0.222006 -0.969742 4
-0.794967 0.512941 2
-0.463151 0.549815 1
0.302243 -0.838008 2
0.581657 0.792417 1
-0.258526 0.831695 1
0.221972 0.547814 2
0.243179 0.394127 2
-0.988174 0.853752 4
-0.362741 -0.695667 1
0.807469 -0.674890 1
-0.213769 -0.236563 1
0.596079 0.816200 1
-0.704963 0.032235 4
0.600043 0.295507 1
-0.040700 -0.621963 4
0.325765 0.164334 2
0.890978 0.862614 3
-0.285852 0.193221 1
-0.975394 -0.704194 4
-0.014362 -0.233919 4
-0.872499 -0.792390 4
-0.686105 0.370680 2
0.601737 -0.674279 1
0.224432 -0.761004 2
-0.369946 0.031901 4
-0.435894 0.416285 1
0.795338 -0.839815 3
0.232485 -0.909625 3
0.192420 -0.167472 3
0.385882 -0.848280 2
0.210565 -0.288353 2
0.316054 0.101543 2
-0.425739 -0.969798 4
-0.705236 -0.401133 2
-0.673992 0.280401 2
0.364948 -0.546491 2
0.488011 0.678843 2
0.824189 0.089748 3
-0.995436 0.048622 4
0.328743 -0.365382 2
-0.919477 0.892849 4
-0.949097 0.875861 4
-0.946966 0.283387 4
0.966236 0.245454 3
-0.884085 0.352118 2
0.397174 0.326480 2
-0.936235 -0.286773 4
-0.571977 -0.361975 2
-0.256571 -0.277214 1
0.236893 0.069437 3
-0.996813 -0.398160 4
0.522946 0.491198 1
-0.719317 0.347135 2
-0.419055 -0.714753 1
-0.604243 0.909689 2
-0.080135 -0.523720 1
0.802538 -0.029232 3
-0.647859 0.855572 2
-0.745845 -0.681624 2
0.101025 -0.629929 2
0.670495 -0.501801 1
0.696550 0.734259 1
0.211426 -0.875427 3
-0.627715 0.954855 4
-0.152641 0.609177 1
0.024292 -0.149454 3
-0.788982 -0.452762 2
-0.658256 -0.508299 2
0.894373 -0.077311 3
-0.223052 -0.709871 1
-0.167622 0.696814 1
-0.233591 -0.365084 1
-0.332418 0.118549 1
-0.509513 -0.078263 2
0.436926 0.591513 2
0.291808 0.107420 2
-0.910289 -0.011642 4
-0.158320 0.301137 1
0.112931 0.213964 3
0.255992 0.960290 3
-0.176858 -0.719716 1
-0.189164 0.034159 4
-0.172478 0.152580 4
0.525860 -0.278106 1
-0.924731 -0.697192 4
0.012024 -0.092353 3
0.999622 0.778433 3
0.542563 -0.332797 1
-0.103018 -0.966950 4
0.588940 -0.666092 1
0.624563 -0.119252 1
0.441329 0.714274 2
0.869106 -0.716991 1
0.015412 -0.017964 3
0.496973 -0.728596 2
-0.057674 -0.679886 4
-0.448312 0.753162 1
0.354273 0.379210 2
-0.094258 -0.119867 4
-0.898896 -0.018989 4
0.182942 0.113128 3
0.888658 0.182563 3
-0.108439 0.431221 1
0.849767 0.788544 3
0.464272 0.438707 2
-0.877548 0.088835 4
-0.680546 0.563781 2
-0.196891 -0.811440 1
0.846789 0.818521 3
0.170596 0.343762 2
-0.910075 -0.887077 4
0.663877 -0.358387 1
0.866085 0.018150 3
-0.979177 -0.228173 4
0.898283 -0.878073 3
0.752838 0.081225 3
0.235056 0.641496 2
-0.736212 -0.873383 2
0.072717 -0.886445 3
0.915161 -0.463011 1
0.552262 -0.962387 3
0.625823 0.871716 1
0.601394 -0.571067 1
-0.939724 0.448183 2
-0.752547 0.230872 2
-0.208055 -0.662622 1
0.343795 -0.544178 2
-0.021009 0.209880 4
0.473972 -0.000186 3
0.981707 0.372255 3
0.121742 0.734545 2
-0.546520 -0.643203 2
0.376041 -0.282731 2
-0.516585 -0.551242 2
-0.169177 -0.601424 1
-0.014253 -0.616915 4
-0.563811 -0.388430 2
-0.745199 -0.962418 4
0.040503 -0.684923 3
0.485766 0.287956 2
0.545949 -0.722289 1
0.625334 -0.110256 1
-0.266467 -0.395675 1
-0.900376 -0.792495 4
0.604139 -0.918669 1
0.579760 -0.274119 1
0.815876 -0.966759 3
0.082678 0.191917 3
-0.249491 0.566093 1
0.640675 0.581333 1
0.964668 -0.373579 3
0.964418 -0.599143 3
0.237992 -0.780781 2
-0.561560 -0.721506 2
-0.465705 0.924205 1
0.566450 -0.919756 1
-0.798084 0.191784 2
-0.030011 -0.064551 4
0.796109 0.069613 3
0.142954 0.400248 2
0.150945 -0.277286 2
-0.873871 -0.033179 4
-0.244045 0.208807 1
-0.841263 0.506464 2
-0.225101 0.799412 1
0.087797 -0.260432 3
-0.574166 0.052215 4
0.140425 0.663825 2
0.271433 0.578864 2
0.942320 0.805729 3
0.503070 0.508770 1
0.885973 0.704986 1
-0.299446 -0.144038 1
-0.359565 -0.503337 1
0.925575 0.783389 3
0.896911 0.076520 3
-0.493896 -0.976960 4
-0.956660 0.262059 4
0.231847 -0.797922 2
-0.231477 -0.993254 4
-0.998510 0.856320 4
-0.253686 -0.572676 1
-0.091465 0.886739 4
-0.908851 -0.820032 4
0.465603 -0.966531 3
0.985697 -0.031328 3
0.542239 0.871670 1
-0.326342 -0.757207 1
-0.272368 0.314093 1
-0.260544 -0.346793 1
0.097483 -0.363633 2
0.729727 0.603586 1
-0.340593 0.773067 1
-0.134355 0.891253 4
0.975145 0.634168 3
0.897999 0.976635 3
0.490489 -0.355687 2
-0.596041 -0.600976 2
-0.468948 -0.504892 1
-0.421008 0.996655 4
-0.471423 -0.435311 1
-0.034673 -0.929184 4
-0.563640 0.638985 2
-0.686392 0.163992 2
-0.046921 0.053064 4
0.817199 -0.949439 3
0.689431 0.546926 1
0.654148 -0.651162 1
0.319993 -0.480207 2
-0.759908 0.295137 2
-0.846039 -0.861909 4
0.271772 0.644450 2
-0.217596 0.675731 1
-0.956527 0.313456 4
-0.829161 -0.377535 2
0.310110 -0.300585 2
0.187155 -0.724563 2
-0.229769 0.623514 1
0.914423 0.083839 3
-0.212494 -0.132498 4
-0.863097 -0.395295 2
-0.081937 0.826335 4
-0.848370 -0.427789 2
-0.824827 0.471623 2
0.092003 -0.584736 2
-0.233240 0.245964 1
-0.446645 -0.961467 4
-0.109586 0.335759 1
0.714264 -0.066113 3
-0.350785 0.885102 1
0.556353 0.959325 3
-0.415482 -0.256493 1
-0.765237 0.354749 2
-0.632979 -0.850814 2
-0.561412 0.154527 2
0.016687 -0.424509 3
0.759232 0.934750 3
-0.598174 0.910862 2
-0.493039 -0.423002 1
0.382485 0.598964 2
-0.007738 -0.850754 4
-0.155071 0.545618 1
-0.812221 0.735342 2
-0.118623 0.902042 4
-0.330770 0.530592 1
0.787144 -0.774418 1
0.489917 -0.628338 2
-0.030911 0.724679 4
0.726411 0.336111 1
0.873865 -0.835001 3
-0.509362 -0.109448 2
-0.259510 -0.750130 1
-0.174698 0.142316 4
-0.839268 0.332263 2
0.719314 0.543217 1
-0.068773 -0.288423 4
0.692463 0.776156 1
-0.742806 0.880242 4
0.511498 0.138571 1
0.782284 -0.819272 1
-0.330838 0.569428 1
-0.593690 -0.840921 2
0.941090 0.375399 3
0.883759 0.667501 1
-0.288490 0.757624 1
0.832500 0.202148 1
-0.351824 -0.427010 1
0.452018 0.473478 2
0.715306 0.612750 1
-0.194259 0.434620 1
0.155967 0.736968 2
-0.853803 -0.151570 4
0.513124 -0.596609 1
-0.271328 0.024622 4
0.541962 -0.489044 1
0.205350 -0.788875 2
-0.919616 0.611660 2
-0.629796 -0.978525 4
-0.012941 -0.746037 4
0.688976 0.698569 1
-0.988414 0.521476 4
-0.099284 -0.340238 1
-0.905534 -0.647266 2
-0.866760 0.809772 4
0.965484 -0.061019 3
0.244392 0.121451 3
-0.324050 0.390589 1
0.969882 -0.810926 3
0.793981 -0.301446 1
0.213696 0.335943 2
0.209510 -0.580954 2
0.547067 0.289895 1
-0.969295 0.917271 4
0.311369 0.017764 3
-0.828766 0.000346 4
-0.283667 -0.817180 1
-0.478178 0.617049 1
-0.157417 -0.383712 1
0.969783 -0.024177 3
-0.573940 0.935267 2
0.914804 0.670453 3
0.056718 -0.409246 3
0.061042 0.026600 3
-0.220173 -0.144978 4
0.725154 0.993523 3
-0.809035 -0.065336 4
-0.587431 0.738033 2
-0.775442 -0.556726 2
0.655304 0.535928 1
0.461038 0.826538 2
-0.463727 -0.822629 1
-0.990642 0.058095 4
0.794420 -0.148059 3
0.674383 0.764203 1
0.827764 -0.899556 3
0.699470 0.742568 1
0.770896 -0.243812 1
-0.666678 -0.168062 2
0.782788 0.113150 3
0.686961 0.507942 1
0.106673 0.877926 3
-0.557394 0.519242 2
0.615958 -0.332836 1
0.962516 0.271262 3
-0.796908 0.423554 2
0.097800 -0.260635 3
0.600925 0.107158 1
0.797460 0.395345 1
0.959099 0.471844 3
0.159548 0.786863 2
0.572287 -0.140982 1
0.529431 0.343184 1
0.615206 0.862754 1
-0.824878 0.397994 2
-0.024097 0.862083 4
-0.094064 -0.917424 4
0.740009 0.348542 1
0.601818 0.355967 1
-0.984294 0.564333 4
-0.372770 -0.781203 1
-0.012113 0.725030 4
-0.041838 -0.411188 4
-0.167812 -0.244377 1
0.984156 -0.208713 3
-0.772534 0.143704 4
-0.421849 0.799754 1
-0.997278 -0.892418 4
0.142938 0.617928 2
0.970336 0.318060 3
0.015922 -0.053761 3
0.180142 0.921859 3
0.028815 -0.079849 3
0.270400 -0.369368 2
-0.723882 0.286106 2
-0.805034 -0.096652 4
0.504904 0.182853 1
-0.371622 -0.536934 1
0.771665 0.460566 1
0.218689 0.755821 2
-0.748147 0.446155 2
-0.100475 -0.169996 4
0.245909 -0.097753 3
-0.062414 -0.611153 4
-0.479825 -0.092078 1
0.706906 0.536098 1
0.854161 -0.112951 3
0.457956 -0.117025 2
0.807200 -0.271643 1
0.513608 -0.916682 1
-0.985537 0.708574 4
-0.013334 0.519367 4
-0.108574 0.615044 1
0.982433 -0.336909 3
0.075609 0.201122 3
-0.581088 0.327462 2
-0.352723 0.318437 1
-0.842534 0.893187 4
-0.779316 0.095052 4
-0.717967 -0.259140 2
-0.997027 0.988940 4
-0.723043 0.857134 2
-0.124011 0.734914 1
-0.259891 -0.316811 1
-0.536729 -0.746283 2
-0.233493 -0.522266 1
0.962291 0.753173 3
0.997100 -0.146283 3
0.368217 0.979533 3
0.516808 -0.556174 1
0.180655 0.935720 3
0.771288 0.827932 1
0.254158 0.928754 3
0.721119 0.474842 1
0.023806 -0.996848 3
-0.784298 0.026779 4
0.992092 -0.507341 3
-0.116087 -0.131919 4
-0.772427 0.624023 2
0.551270 -0.309156 1
0.877740 -0.682223 1
0.168577 0.840031 3
-0.929050 0.165677 4
-0.306252 0.439166 1
0.145211 -0.789443 3
0.882992 -0.674135 1
-0.853723 0.654280 2
-0.846202 0.400435 2
0.583034 0.874916 1
-0.124723 -0.393160 1
0.878068 0.090979 3
0.633620 0.870160 1
0.583638 -0.482467 1
-0.261759 0.811212 1
-0.858444 -0.710489 2
-0.497945 -0.980704 4
-0.392713 0.670633 1
0.859327 -0.321763 1
-0.163690 -0.446925 1
-0.882597 0.981521 4
-0.236368 -0.999605 4
-0.692614 -0.090091 4
0.654675 -0.538816 1
-0.689657 0.237709 2
-0.663900 0.185620 2
0.844549 -0.785832 3
-0.723401 0.478169 2
-0.915671 0.860238 4
0.995702 -0.177430 3
0.671449 -0.862742 1
0.112081 -0.826495 3
-0.843446 0.719368 2
0.844137 -0.984120 3
-0.602395 -0.319553 2
-0.431045 -0.484992 1
-0.338032 0.332587 1
-0.484596 -0.030646 4
-0.757504 -0.829921 2
0.430537 -0.447161 2
0.407788 0.766637 2
0.738459 0.252338 1
0.980805 -0.984941 3
-0.269493 -0.934866 4
0.875296 -0.273791 1
-0.112297 0.546746 1
-0.136534 0.999784 4
0.720250 0.020020 3
0.719153 0.564387 1
0.035900 -0.883242 3
-0.755166 0.604856 2
-0.368234 -0.093198 1
-0.062557 0.147170 4
0.876155 0.179938 3
0.317249 0.306693 2
0.732777 -0.274963 1
0.073329 0.471236 2
0.977375 0.054135 3
0.486295 -0.292118 2
0.119268 0.361591 2
0.434090 -0.993028 3
-0.091663 -0.702443 4
-0.993244 -0.371413 4
0.317577 0.725908 2
-0.807026 -0.646523 2
0.842666 -0.562192 1
0.958333 -0.525568 3
0.344610 -0.104225 2
0.621602 0.220765 1
-0.924286 -0.061149 4
-0.472543 0.808491 1
0.663888 0.600787 1
0.279727 0.641263 2
-0.345079 -0.233978 1
-0.650855 0.774190 2
-0.872387 0.783235 4
0.781161 0.035949 3
-0.919208 0.787917 4
0.664536 0.398369 1
0.513825 0.857510 1
0.751845 0.356492 1
-0.704682 0.710178 2
0.830924 0.639927 1
-0.394047 0.452527 1
-0.139308 -0.318333 1
-0.608622 0.388149 2
-0.509842 -0.944734 2
-0.011064 0.769885 4
0.696530 0.643858 1
-0.464093 -0.954325 4
0.418047 -0.336480 2
0.828910 0.199209 1
0.699469 0.909702 3
-0.012874 0.364005 4
0.308071 -0.499049 2
0.221515 0.059916 3
0.857443 0.516833 1
-0.229906 0.688367 1
0.156760 0.376048 2
0.140893 -0.982548 3
-0.942285 0.532271 2
0.405601 -0.452127 2
0.587538 -0.605462 1
-0.682243 0.284067 2
-0.961604 -0.146336 4
0.329742 0.456443 2
0.517184 0.158652 1
-0.344348 0.216653 1
0.068354 0.642777 3
-0.419341 -0.623575 1
-0.856272 0.802174 4
0.436341 -0.998829 3
0.319006 -0.793565 2
0.689538 -0.524234 1
0.582483 -0.169569 1
-0.506782 0.640198 2
-0.637297 0.898820 2
-0.811930 0.950240 4
-0.706642 -0.494172 2
0.234307 -0.668247 2
0.359492 -0.435951 2
0.788196 -0.123324 3
0.722702 -0.556152 1
-0.906671 -0.208944 4
-0.913375 -0.326012 4
0.167481 -0.769647 2
-0.523838 -0.396178 2
-0.768476 0.795168 2
-0.189742 0.921062 4
-0.729066 -0.607259 2
-0.248506 -0.235847 1
-0.967061 0.114196 4
-0.337028 -0.778991 1
0.064436 -0.043670 3
-0.273163 -0.701256 1
0.288083 -0.913670 3
-0.137207 0.076279 4
-0.036994 -0.414505 4
0.520127 0.056335 1
0.376551 0.606752 2
0.730323 -0.455968 1
0.837105 -0.793515 1
0.147854 -0.931371 3
-0.998347 0.958112 4
0.989692 -0.727413 3
-0.649147 -0.258815 2
0.036740 -0.616208 3
0.855382 0.699712 1
-0.395199 -0.080182 1
-0.343958 0.331639 1
0.218562 0.944125 3
0.417968 -0.918645 2
0.020405 -0.619026 3
-0.333150 -0.459468 1
0.437310 -0.956599 3
-0.852716 0.167633 4
-0.412567 0.984389 4
0.374118 0.735288 2
-0.946981 0.375771 4
0.693400 -0.957290 3
0.648358 -0.955747 3
-0.216104 -0.314902 1
-0.571955 -0.360723 2
-0.615190 0.032846 4
0.559095 0.040852 3
-0.635515 -0.222343 2
-0.015023 0.782453 4
-0.140987 -0.994618 4
-0.836572 0.525863 2
-0.454086 0.600737 1
0.569264 -0.306802 1
-0.231630 -0.843303 1
-0.322413 -0.857512 1
0.891985 -0.269394 3
0.518259 0.585385 1
-0.226684 0.166617 1
0.629638 0.557212 1
0.851714 -0.942317 3
-0.803511 -0.763476 2
0.090529 0.755585 3
0.277376 0.455014 2
-0.466758 -0.737646 1
0.237467 0.392254 2
-0.732264 0.400895 2
-0.081883 -0.186350 4
0.001632 -0.512619 3
0.506848 0.770002 1
-0.355921 -0.815564 1
0.912490 -0.463936 1
-0.084958 0.430748 1
-0.878551 0.688358 2
-0.402635 0.751087 1
0.245570 -0.550921 2
0.808770 0.442060 1
-0.314396 -0.100701 1
0.197644 0.962980 3
-0.645687 0.730886 2
-0.774666 0.591780 2
0.123140 -0.506930 2
-0.007325 -0.958743 4
0.306720 0.994307 3
-0.471361 -0.186431 1
0.764309 0.172717 1
-0.001995 0.676799 4
0.708781 0.913046 3
0.107547 0.830230 3
0.601405 0.704912 1
0.581317 -0.153025 1
-0.846009 0.390087 2
-0.710965 -0.160405 2
-0.710614 0.486679 2
-0.197425 -0.356302 1
0.217565 0.027909 3
-0.764521 -0.659295 2
0.520980 0.228154 1
-0.618038 -0.172300 2
0.222461 -0.089399 3
0.641269 -0.013231 3
-0.916682 -0.360726 2
-0.336432 0.792100 1
-0.447680 0.771115 1
0.622330 -0.846275 1
0.476027 0.203647 2
0.000700 0.630018 3
-0.406266 0.289735 1
-0.530387 -0.116880 2
-0.223587 0.272188 1
0.526818 0.993978 3
-0.699902 0.762297 2
-0.665317 0.821077 2
-0.009549 -0.283354 4
-0.351223 -0.787089 1
0.627247 -0.709954 1
0.199680 0.710565 2
-0.070680 0.863248 4
0.502665 0.481640 1
0.634363 0.124995 1
0.635365 0.110390 1
-0.671357 -0.363935 2
-0.259591 -0.077623 4
0.925799 0.210022 3
0.805497 -0.297787 1
-0.517790 0.332315 2
-0.303809 -0.217692 1
0.094612 0.030874 3
-0.396615 -0.914937 1
0.747520 0.252163 1
-0.702026 0.374767 2
0.542209 0.497654 1
0.085332 -0.528471 2
0.360903 -0.412003 2
0.953169 -0.004734 3
0.712992 0.588534 1
-0.894344 -0.958365 4
-0.775402 -0.153935 2
-0.035988 -0.849603 4
-0.943913 -0.230491 4
-0.147390 -0.461703 1
-0.898176 0.548801 2
0.320605 0.196437 2
-0.420325 0.923991 1
0.281499 -0.672805 2
0.176153 0.579473 2
0.701962 -0.281638 1
0.077127 -0.212706 3
0.189891 -0.561970 2
0.375291 0.143060 2
0.433296 0.088284 2
-0.268407 0.538953 1
0.129919 -0.043808 3
-0.614982 -0.906069 2
0.106589 -0.558896 2
-0.136560 0.959199 4
-0.020598 -0.034736 4
0.508000 -0.699993 1
-0.838299 -0.912325 4
-0.776003 0.443200 2
-0.585129 0.400151 2
0.022673 -0.883167 3
-0.881487 -0.900199 4
-0.095873 0.308404 4
-0.462169 -0.720582 1
-0.548536 0.971127 4
0.367702 0.183058 2
0.510079 -0.502379 1
-0.860751 0.895097 4
-0.408448 0.245838 1
-0.663799 0.454991 2
0.205037 0.315603 2
-0.579744 -0.286963 2
0.615610 -0.418044 1
-0.199288 0.839607 4
-0.974844 0.215583 4
0.239758 0.047830 3
0.332416 0.358271 2
0.147630 -0.763457 2
-0.333325 0.685461 1
-0.484039 0.118139 1
0.656588 0.883663 1
-0.698803 0.166667 2
-0.618716 -0.559554 2
0.061764 -0.027164 3
0.686284 0.397965 1
-0.572173 -0.108679 2
-0.286432 -0.151917 1
0.604357 -0.670822 1
0.430039 -0.594930 2
-0.831215 0.455196 2
0.620652 0.408542 1
-0.496974 -0.046932 4
-0.233187 0.650656 1
0.189611 0.433488 2
0.336117 0.705572 2
-0.448372 -0.007295 4
0.589236 -0.147176 1
-0.840628 0.970520 4
0.293270 0.221136 2
-0.056644 -0.020446 4
-0.380898 0.371183 1
0.870875 0.332670 1
-0.780734 0.475232 2
0.661848 0.649306 1
0.880302 0.830632 3
0.104502 0.500954 2
0.239175 0.607527 2
-0.545978 -0.994012 4
0.258183 0.643633 2
0.439477 -0.405700 2
0.349206 0.991104 3
0.587005 -0.061558 1
-0.156071 0.746378 1
-0.091038 -0.862801 4
-0.032486 0.852318 4
0.116753 0.586616 2
0.223501 -0.012372 3
-0.080714 0.442768 1
-0.537139 -0.418867 2
0.092074 -0.656837 2
-0.588234 -0.803425 2
0.844117 0.650940 1
0.804102 -0.701861 1
0.656928 0.062286 3
0.941773 0.096405 3
0.656586 0.290979 1
0.087509 0.243591 3
-0.770580 0.931438 4
-0.010031 0.138382 4
-0.931363 0.957483 4
-0.009300 0.185390 4
0.544099 -0.785799 1
-0.826982 -0.536616 2
0.656969 -0.364121 1
0.044518 -0.250958 3
-0.020958 0.456283 4
-0.054382 -0.176841 4
0.107224 -0.250280 3
0.121298 -0.235848 3
0.812006 0.063071 3
0.860557 0.468591 1
-0.645951 -0.051934 4
-0.287818 -0.416531 1
-0.120496 0.702151 1
0.721851 -0.051859 3
0.659634 -0.287449 1
-0.866468 0.203732 4
-0.073248 -0.693450 4
0.667117 -0.416279 1
-0.057571 -0.288365 4
0.332764 0.921471 3
-0.832082 -0.721618 2
-0.255371 0.275142 1
0.028102 0.865927 3
-0.960706 -0.159893 4
-0.071002 0.899851 4
-0.691302 0.283047 2
-0.152083 0.020881 4
0.866516 0.727422 1
-0.276968 0.588367 1
-0.324437 -0.617334 1
-0.699081 -0.190905 2
0.586398 0.227671 1
0.115645 0.253515 3
0.811392 -0.941926 3
0.965149 0.144156 3
0.979545 -0.866933 3
0.422538 -0.275825 2
0.408209 -0.549361 2
-0.409898 0.447503 1
0.290747 0.519100 2
0.347354 0.599445 2
-0.197854 -0.804729 1
-0.379674 -0.331338 1
0.922693 0.343358 3
-0.742970 -0.401744 2
0.726023 -0.442051 1
0.407351 0.312422 2
0.785620 -0.477003 1
-0.434063 0.597012 1
-0.418929 -0.468914 1
-0.258832 -0.439384 1
-0.335847 -0.836294 1
0.284791 -0.927638 3
-0.385654 0.874893 1
0.519865 0.905092 1
0.393992 -0.132782 2
0.504537 -0.803861 1
0.062490 -0.875137 3
-0.135199 -0.014817 4
0.468221 0.121831 2
0.583439 0.194244 1
0.679779 -0.009210 3
-0.493334 0.465399 1
0.513787 0.072602 1
0.062411 -0.905142 3
0.603688 0.803580 1
-0.344526 -0.732158 1
0.967286 0.940265 3
-0.659796 -0.418368 2
0.815157 0.860069 3
-0.513276 0.209150 2
-0.272713 0.991261 4
0.405288 0.789776 2
-0.883876 -0.729911 4
-0.225041 0.584345 1
0.391920 -0.641602 2
-0.221410 0.071699 4
0.349188 0.285255 2
-0.462901 -0.137025 1
-0.642142 0.599510 2
-0.042167 0.961546 4
0.403090 0.613307 2
-0.770612 0.370376 2
0.553571 -0.430409 1
0.952008 0.368729 3
-0.570340 -0.561268 2
-0.422121 0.156947 1
-0.570007 0.983167 4
-0.053277 -0.453882 4
-0.746744 0.721682 2
-0.869537 0.645176 2
-0.919920 -0.090948 4
-0.283125 0.429269 1
-0.805692 0.253974 2
-0.707756 -0.447834 2
-0.146516 0.250076 1
-0.486288 -0.743427 1
-0.136617 -0.256900 1
0.626949 -0.583046 1
0.312691 0.578957 2
0.785683 0.742351 1
-0.982311 -0.636438 4
-0.100702 -0.552318 1
-0.653271 0.846022 2
-0.006201 -0.400015 4
0.567704 0.124262 1
-0.754839 0.647784 2
-0.966685 -0.037964 4
0.077053 -0.772377 3
-0.783990 0.369297 2
-0.220212 0.069494 4
-0.380627 0.293500 1
0.326067 0.482756 2
-0.963400 -0.046984 4
0.899711 0.349291 1
-0.468027 0.685394 1
0.091642 -0.450338 2
-0.951044 0.990940 4
-0.002657 -0.604315 4
0.836962 0.991143 3
-0.004330 0.404666 4
0.115405 0.240831 3
0.052451 0.148720 3
-0.797133 -0.870496 4
0.376342 -0.581124 2
0.498800 -0.843869 2
0.488370 -0.881826 2
0.449631 -0.185563 2
0.600930 0.486231 1
0.767453 0.500640 1
-0.164478 -0.700574 1
0.186034 0.927165 3
-0.150912 0.234990 1
0.918105 0.846431 3
0.630675 0.755067 1
0.837574 -0.373655 1
0.159733 -0.047021 3
0.867176 -0.787816 3
-0.898302 -0.929958 4
-0.658313 0.478041 2
-0.511081 0.840488 2
0.634172 0.977289 3
0.958661 0.083803 3
-0.208274 0.559591 1
-0.429966 -0.440821 1
0.060231 0.405556 3
-0.141395 -0.753735 1
0.332721 0.707692 2
0.481256 0.250826 2
0.554124 0.111931 1
0.005893 0.391697 3
0.738276 -0.834374 1
-0.655324 0.605452 2
-0.622190 -0.553625 2
0.675494 -0.280503 1
0.924416 -0.835588 3
-0.440015 0.558587 1
-0.858299 -0.481354 2
-0.357610 -0.066573 4
-0.921763 0.212424 4
0.492605 0.138468 2
-0.382020 -0.648790 1
0.384734 0.950701 3
-0.941098 -0.134010 4
0.201527 0.613026 2
0.977920 -0.792581 3
0.004723 0.716196 3
-0.626955 0.349399 2
0.321648 -0.249145 2
0.795774 -0.002858 3
0.470352 0.720190 2
0.161554 -0.969663 3
0.278777 0.303255 2
-0.451017 0.921167 1
-0.763318 -0.372780 2
0.133591 0.729287 2
0.765689 0.751571 1
-0.919503 0.150422 4
0.702272 -0.860601 1
-0.983588 -0.096202 4
0.752425 0.994332 3
0.111218 -0.242851 3
0.710529 0.484263 1
-0.893452 0.032177 4
-0.764882 0.902322 4
-0.970681 0.705470 4
0.622512 0.190873 1
0.735806 -0.098711 3
-0.505872 -0.715211 2
-0.177545 -0.269191 1
-0.087990 0.956046 4
-0.539904 -0.322302 2
0.707617 -0.459407 1
0.828121 0.409888 1
-0.320007 0.844533 1
-0.686313 -0.567582 2
0.838865 0.424904 1
0.189567 0.549394 2
-0.090833 0.296115 4
-0.418429 0.144285 1
0.198437 -0.389111 2
-0.150245 -0.179051 4
0.801762 -0.414439 1
0.722238 -0.704110 1
-0.129649 -0.455307 1
0.026699 0.782360 3
-0.499261 0.486796 1
-0.539942 -0.791644 2
-0.972611 -0.711821 4
0.618244 -0.292618 1
-0.867289 0.931931 4
0.139800 0.971577 3
0.356835 -0.670633 2
0.520971 -0.733997 1
0.625482 -0.897458 1
0.410288 -0.176081 2
-0.286569 -0.739957 1
0.644868 -0.484807 1
-0.154396 0.367105 1
-0.188917 0.715955 1
0.911798 0.837782 3
0.498315 -0.587463 2
0.324578 0.958373 3
-0.379107 0.351967 1
-0.753448 -0.760863 2
-0.940651 -0.620736 4
-0.828932 0.199149 2
-0.649160 0.527903 2
0.528515 0.871811 1
0.793906 0.153997 3
0.974353 0.204194 3
0.977916 -0.312216 3
0.464237 0.622784 2
0.202977 -0.690159 2
-0.010111 -0.985940 4
-0.974204 -0.098313 4
0.851842 0.524111 1
0.314224 0.176420 2
0.482484 0.935117 2
-0.471614 0.729037 1
-0.825746 -0.412265 2
-0.891699 -0.654678 2
0.786884 -0.540859 1
0.873225 0.315399 1
-0.669048 0.667131 2
-0.530604 -0.694695 2
-0.128675 -0.552688 1
-0.006912 -0.664438 4
-0.929904 -0.803935 4
-0.354597 0.059985 4
-0.789875 -0.328801 2
0.961672 -0.938034 3
-0.804690 0.275896 2
0.238386 0.677795 2
0.211013 0.766772 2
0.406831 0.385267 2
-0.645493 0.515132 2
0.730589 -0.858609 1
0.974273 0.603815 3
0.456791 -0.694774 2
0.270946 0.926187 3
-0.389470 -0.857729 1
-0.626501 0.603619 2
-0.522167 -0.556405 2
0.799684 0.123237 3
0.503580 -0.990192 3
0.794436 0.465252 1
-0.928226 0.989746 4
-0.258852 0.310160 1
0.667540 0.952161 3
0.076932 0.074372 3
0.337429 0.431440 2
-0.410496 0.068018 1
0.572831 -0.436223 1
-0.328167 0.029622 4
-0.130997 0.942779 4
-0.044191 0.479533 4
-0.914950 0.329308 4
0.083152 -0.437116 2
0.772903 -0.117164 3
0.686120 0.276484 1
-0.107356 0.480556 1
-0.258264 -0.035582 4
0.470302 0.482884 2
-0.725422 0.137842 2
0.435045 0.351511 2
-0.787786 -0.227526 2
-0.217049 -0.198282 1
0.840492 -0.644218 1
0.365495 -0.487675 2
0.385404 -0.765502 2
-0.544896 -0.658787 2
0.714031 -0.459846 1
0.670521 -0.202817 1
0.103037 0.443424 2
0.680019 -0.210842 1
-0.280092 -0.427338 1
-0.730287 0.461643 2
0.537080 0.740015 1
-0.055473 0.811659 4
-0.122143 -0.620427 1
0.163170 0.090070 3
0.152047 0.946120 3
0.891788 -0.007461 3
-0.698098 0.257283 2
0.504864 0.687306 1
0.491781 0.959968 3
-0.971481 0.205812 4
-0.499878 0.699040 1
-0.997005 0.603160 4
0.142464 0.683014 2
-0.607683 0.862372 2
-0.744324 -0.337969 2
0.324015 0.792756 2
-0.597954 -0.731458 2
0.604415 0.279902 1
-0.351885 -0.232415 1
-0.630027 0.800162 2
-0.286295 -0.738239 1
-0.207299 0.015608 4
0.519044 -0.702435 1
-0.297086 0.010825 4
-0.742467 -0.268567 2
-0.783363 -0.242345 2
-0.569527 -0.780368 2
-0.639185 0.572936 2
0.902645 -0.246868 3
0.435308 -0.841679 2
0.415163 -0.240677 2
0.951077 0.817208 3
0.027866 0.555493 3
0.097111 0.675981 2
-0.676922 0.467083 2
0.476142 0.036783 3
0.728844 -0.731157 1
-0.947609 0.247888 4
-0.433591 -0.244695 1
-0.741287 -0.176058 2
0.486738 -0.524651 2
0.581597 0.917210 1
-0.305019 0.942412 4
0.490147 -0.402374 2
-0.304455 -0.074545 4
-0.244053 -0.889293 4
0.684778 -0.292976 1
0.927916 -0.287356 3
-0.737483 0.025026 4
-0.611376 -0.414405 2
-0.507890 0.864766 2
0.622378 -0.779046 1
-0.866390 0.674769 2
0.468842 -0.299982 2
-0.569927 0.727555 2
0.523961 0.916811 1
-0.797096 0.105558 4
0.834021 -0.102115 3
0.047970 0.324168 3
0.495511 0.743515 2
-0.750377 -0.748542 2
0.854223 0.934401 3
-0.041518 0.782138 4
-0.352956 0.220999 1
-0.192835 0.035668 4
0.806594 0.299274 1
-0.099565 0.428972 1
0.520228 0.034044 3
0.103741 -0.010929 3
0.734063 0.533814 1
-0.283375 0.258023 1
0.450625 -0.080470 2
-0.636419 0.284647 2
0.817414 0.411552 1
-0.391185 0.312925 1
0.155067 -0.141563 3
0.564383 0.009290 3
-0.207162 -0.477135 1
-0.208572 0.439882 1
0.743865 0.598592 1
-0.524449 0.550459 2
-0.102133 0.375985 1
-0.020569 -0.581905 4
-0.589970 -0.916828 2
0.407166 -0.855907 2
0.616986 -0.876209 1
0.402116 0.067612 2
0.043321 0.765698 3
-0.647742 -0.139265 2
0.177249 -0.038927 3
-0.826340 -0.667684 2
0.819510 0.738043 1
0.341606 -0.387652 2
-0.739091 -0.866966 2
-0.947769 -0.995227 4
0.731626 -0.472219 1
0.555232 -0.370507 1
0.903767 -0.465336 1
0.047588 -0.686203 3
-0.382164 -0.545247 1
-0.542111 -0.765178 2
-0.421456 0.860006 1
0.302433 0.621865 2
0.625703 0.654692 1
-0.517400 -0.197047 2
-0.384236 -0.343740 1
0.135269 -0.564726 2
-0.605697 -0.523125 2
0.047622 -0.344788 3
-0.390091 0.099853 1
-0.340015 -0.658465 1
0.627634 -0.784782 1
-0.028972 0.531401 4
-0.250119 -0.981385 4
0.845197 0.367717 1
-0.526631 -0.696913 2
0.602539 0.051913 3
-0.836908 -0.095028 4
-0.326222 0.788795 1
-0.440336 0.156377 1
-0.408252 0.175428 1
0.812638 0.727017 1
0.610702 -0.793059 1
-0.796108 -0.341676 2
-0.137847 -0.186199 4
0.758177 0.522138 1
0.155336 0.385811 2
0.737356 -0.873637 1
-0.082788 -0.512762 1
-0.855021 -0.237591 2
0.854955 -0.381652 1
0.065496 0.457494 2
0.670261 0.228588 1
-0.637534 -0.655962 2
0.017383 -0.077870 3
0.500416 0.609131 1
-0.902442 0.313053 2
0.336148 0.708261 2
0.519994 0.540039 1
-0.633415 -0.617853 2
-0.646160 -0.875238 2
0.904286 0.509176 1
0.510573 0.641642 1
0.635539 -0.572215 1
-0.871121 0.780518 4
0.190194 0.983834 3
-0.601134 -0.744310 2
0.441328 -0.930873 2
0.484278 0.803794 2
-0.586835 -0.498340 2
-0.274076 0.913581 4
-0.889209 -0.176517 4
0.226634 0.446939 2
-0.468257 -0.253371 1
-0.013022 -0.101672 4
0.128776 0.340818 2
0.023091 0.033062 3
-0.150006 -0.466336 1
-0.325297 -0.514466 1
-0.038551 -0.196417 4
-0.733948 -0.848357 2
-0.212583 -0.335082 1
-0.592667 -0.771255 2
-0.265955 0.891610 4
-0.967461 0.147210 4
-0.606729 -0.241536 2
0.060791 -0.495938 2
0.581947 -0.712575 1
0.951001 -0.886310 3
0.034054 -0.062021 3
0.012018 -0.837170 3
-0.721203 -0.964891 4
0.195892 0.128792 3
-0.431227 0.870595 1
0.614326 0.530222 1
-0.325822 0.880378 1
0.681865 0.461595 1
-0.454704 -0.910802 1
0.690340 0.279341 1
0.980808 0.722880 3
-0.573449 -0.625921 2
-0.518657 0.487342 2
-0.121859 -0.936710 4
0.774767 -0.170858 1
-0.823020 -0.191178 2
0.767121 0.188999 1
-0.028348 -0.954082 4
0.224108 -0.832457 2
0.174710 0.792880 2
-0.961862 -0.210965 4
0.323102 -0.287684 2
-0.330587 0.004967 4
-0.826089 0.214709 2
0.094165 0.864251 3
-0.505950 0.074973 2
0.587131 -0.079399 1
0.449052 -0.931526 2
-0.592057 -0.672807 2
-0.868236 -0.817290 4
0.156335 -0.691256 2
-0.008468 -0.076544 4
0.497743 0.963184 3
-0.030626 -0.278149 4
-0.869273 -0.855916 4
-0.485269 -0.831134 1
-0.066881 0.837833 4
-0.118818 0.602532 1
-0.157200 0.055093 4
-0.182759 0.936965 4
-0.080656 0.311291 4
0.011938 -0.493525 3
-0.768108 -0.539010 2
-0.425051 -0.360165 1
-0.211817 -0.293287 1
-0.177455 0.944517 4
0.015458 0.814077 3
-0.132027 -0.486799 1
0.777261 0.837347 1
0.235052 0.907988 3
0.981430 0.749783 3
-0.923146 -0.085451 4
0.587616 -0.041965 3
-0.482919 -0.569584 1
-0.986872 0.334322 4
-0.632619 -0.067527 4
-0.354387 0.379318 1
0.438947 -0.122495 2
0.840308 -0.986104 3
0.517340 -0.371509 1
-0.279390 -0.660115 1
-0.426992 0.736068 1
-0.846038 0.440981 2
-0.750732 0.931223 4
0.278328 0.484320 2
0.839211 0.259758 1
0.234103 0.916065 3
-0.825693 -0.178281 4
-0.125900 -0.308611 1
0.252135 -0.112771 3
-0.974289 0.619515 4
0.819701 -0.328676 1
-0.001166 0.258649 4
0.548829 -0.160858 1
0.272545 0.066169 3
0.467633 0.993155 3
0.406055 -0.959359 3
0.729222 0.560017 1
0.481622 0.978491 3
0.491240 -0.240051 2
0.462811 0.330451 2
-0.980293 -0.303087 4
0.246516 -0.805985 2
0.518632 -0.879384 1
-0.114597 -0.229233 4
0.007845 -0.088886 3
-0.609718 -0.172454 2
0.582438 0.389116 1
-0.913805 0.131268 4
-0.771742 0.358740 2
-0.802563 0.695891 2
0.351894 0.603492 2
0.736531 0.081117 3
0.163509 0.218153 2
0.059607 -0.345251 3
0.978102 -0.477582 3
0.985200 0.997809 3
0.219331 0.231716 2
-0.808176 -0.262037 2
0.352332 0.077227 3
0.508730 -0.639823 1
0.988342 0.899012 3
0.187723 0.570780 2
0.288128 0.273917 2
-0.297952 0.516386 1
-0.367343 -0.100515 1
0.212277 0.984551 3
-0.497023 -0.051192 4
0.065668 0.666485 3
-0.833040 -0.874725 4
-0.678766 -0.854938 2
-0.352307 -0.693566 1
-0.857129 0.867025 4
0.538150 -0.665304 1
-0.395012 -0.109518 1
0.411923 -0.886282 2
0.250659 0.400264 2
-0.987270 -0.561618 4
-0.028956 0.300858 4
0.712299 0.673092 1
-0.182756 -0.655044 1
-0.427424 -0.970479 4
-0.670493 0.075553 4
-0.021672 0.395175 4
-0.257962 0.145289 1
0.520450 0.063273 1
0.290351 -0.831856 2
0.369707 0.433222 2
-0.964832 -0.092143 4
0.767918 -0.359844 1
0.798339 0.179841 1
-0.246126 0.048999 4
-0.419895 -0.233396 1
0.487381 0.551150 2
-0.932538 0.199680 4
0.224241 -0.115293 3
0.544636 0.796818 1
-0.085773 0.874144 4
-0.127629 0.892556 4
0.269319 0.614409 2
0.037844 -0.210231 3
-0.322318 -0.671805 1
-0.042087 -0.952611 4
0.761417 -0.006919 3
-0.044754 0.529335 4
0.633237 -0.246415 1
-0.290824 -0.612889 1
0.802584 0.289281 1
0.153716 0.289964 2
-0.159569 0.221178 1
-0.510355 -0.935328 2
-0.894115 -0.965719 4
0.861490 0.020112 3
0.908424 -0.266139 3
-0.087332 0.177743 4
-0.651730 0.950513 4
0.967513 0.025952 3
-0.721292 -0.074574 4
0.073340 -0.959875 3
0.918507 -0.971414 3
0.569460 0.551744 1
-0.217829 -0.721364 1
0.938855 -0.415245 1
0.567918 0.092571 1
0.874720 -0.591651 1
-0.686251 -0.635636 2
-0.526979 -0.580366 2
-0.601355 -0.665489 2
0.439746 -0.692931 2
0.068372 -0.647586 3
0.484812 0.416642 2
-0.697073 0.452325 2
-0.557407 -0.418365 2
-0.622249 0.515934 2
-0.378240 -0.703743 1
0.544520 -0.808779 1
0.848001 -0.673309 1
-0.530143 0.786856 2
-0.088554 -0.962225 4
-0.120573 -0.213834 4
-0.553877 0.193176 2
0.150530 -0.080856 3
0.612810 0.549175 1
0.253655 0.052556 3
0.856244 -0.677974 1
0.404971 0.341056 2
0.738668 0.707898 1
-0.206619 -0.818739 1
-0.710467 0.171132 2
0.697195 -0.088707 3
0.467389 0.241715 2
0.102513 0.315390 2
0.568407 0.572371 1
0.102247 -0.520147 2
0.610145 0.981674 3
0.266019 -0.943731 3
0.174850 -0.583451 2
-0.024587 -0.212340 4
0.965724 -0.770933 3
0.840216 0.821968 3
-0.448907 0.245187 1
0.163024 -0.710239 2
-0.046915 0.956405 4
-0.528978 0.242618 2
0.127537 -0.831782 3
-0.846089 -0.405073 2
0.409933 0.256424 2
0.910317 -0.021660 3
-0.171205 0.012564 4
0.458193 -0.561060 2
-0.005762 -0.275788 4
-0.504791 -0.830913 2
0.140761 0.470621 2
-0.043252 0.106484 4
0.699688 -0.203036 1
-0.071548 -0.749218 4
-0.957849 -0.908524 4
-0.459457 -0.004763 4
-0.952119 0.011565 4
-0.762145 0.175419 2
0.179783 -0.608234 2
0.770345 -0.410284 1
0.648190 0.680662 1
0.568056 -0.523015 1
-0.306774 0.026248 4
-0.084075 0.687464 4
0.750460 0.411134 1
0.856551 -0.108779 3
-0.118245 -0.186701 4
0.997705 -0.418557 3
0.610263 -0.073843 1
-0.167775 0.652414 1
0.017632 0.372768 3
-0.352349 0.065514 4
-0.615666 -0.114495 2
-0.759068 0.564117 2
0.277271 -0.988723 3
-0.846167 -0.074539 4
0.691940 0.721888 1
0.402446 -0.614834 2
-0.251863 -0.681629 1
-0.927370 -0.501403 2
0.729504 0.929181 3
0.389818 -0.388741 2
-0.257520 0.387523 1
0.192702 -0.647257 2
-0.686320 -0.975072 4
-0.994843 0.331312 4
0.397696 -0.347192 2
-0.603174 0.782029 2
0.538313 -0.362242 1
0.346146 -0.184416 2
-0.350965 0.499979 1
0.741045 -0.659025 1
0.221867 0.143491 3
-0.273859 0.970004 4
0.461862 -0.201229 2
-0.531399 0.191366 2
-0.272048 0.858419 1
0.802625 0.470432 1
0.245942 -0.004673 3
0.823175 0.559621 1
0.020255 0.828332 3
-0.109067 -0.582049 1
-0.518860 0.287759 2
-0.800020 -0.980547 4
0.925517 0.546126 1
-0.164963 -0.425448 1
0.046105 -0.423917 3
-0.084473 -0.732028 4
0.719574 0.641668 1
-0.762024 0.181435 2
-0.559561 -0.293423 2
-0.627199 0.168391 2
-0.435004 -0.824574 1
-0.361177 0.810938 1
0.170753 -0.538003 2
0.370560 -0.808992 2
-0.709671 -0.738507 2
-0.391042 -0.228531 1
0.549252 -0.191062 1
-0.209078 0.474769 1
-0.644936 0.625959 2
-0.950680 0.401169 4
-0.797958 -0.035153 4
0.669141 0.921615 3
-0.393485 0.907117 1
0.103050 0.046954 3
-0.386305 0.475851 1
-0.784655 0.178691 2
0.651277 -0.145832 1
-0.010371 -0.177970 4
0.316165 -0.639811 2
0.013038 0.606494 3
-0.378318 0.621996 1
-0.622037 -0.829066 2
-0.569065 0.168884 2
0.645702 -0.214001 1
-0.205157 0.695023 1
-0.812832 -0.003115 4
-0.340130 0.856309 1
-0.081500 0.266385 4
0.763426 -0.978450 3
-0.686662 -0.622879 2
0.497402 -0.471317 2
0.555812 0.148679 1
0.382851 -0.454559 2
0.970708 -0.300984 3
-0.094370 -0.016254 4
-0.694490 0.527312 2
-0.394257 -0.316527 1
0.698246 0.036677 3
0.852357 0.343948 1
0.822676 -0.352799 1
0.038971 -0.990156 3
0.644086 0.698840 1
0.866152 -0.437414 1
-0.034775 0.629578 4
-0.415864 0.278563 1
-0.993301 -0.918462 4
0.807246 0.562511 1
0.230216 0.190097 2
-0.892048 0.200925 4
0.889113 0.013582 3
-0.815329 -0.805377 2
-0.459106 -0.209586 1
-0.121905 -0.760860 4
0.827091 -0.269547 1
0.583088 0.649767 1
0.377653 -0.377941 2
0.659610 0.021739 3
-0.679101 0.525763 2
0.584325 0.286124 1
0.155341 -0.831539 3
-0.435313 0.162040 1
-0.750002 -0.628067 2
-0.275449 0.480215 1
0.562030 -0.167496 1
-0.318861 0.451143 1
0.846086 -0.134190 3
0.645766 -0.613020 1
0.656224 -0.476139 1
-0.373879 0.483315 1
0.254314 -0.790791 2
0.133081 -0.368033 2
-0.168732 -0.207309 1
0.653706 0.152167 1
-0.681546 0.238031 2
-0.561709 0.473795 2
0.406491 0.002978 3
-0.364164 0.656490 1
0.374912 0.360387 2
0.136704 -0.063058 3
-0.807109 0.817843 2
-0.611915 -0.961024 4
-0.316346 -0.966149 4
-0.574043 -0.660123 2
-0.442288 0.052078 4
0.823192 0.812026 3
0.261287 -0.043727 3
-0.556006 -0.907445 2
0.748964 -0.902300 3
0.244722 -0.932582 3
0.335730 0.683013 2
0.541214 -0.257778 1
-0.314008 -0.822951 1
-0.601289 -0.939096 4
0.537436 0.535415 1
-0.002154 0.730327 4
0.353259 0.385931 2
0.769303 -0.963088 3
0.419782 -0.804740 2
-0.623210 0.977495 4
0.247338 -0.800018 2
0.789521 -0.491375 1
0.156255 -0.766486 2
-0.398821 -0.094781 1
-0.668786 0.845901 2
-0.027362 0.666945 4
0.528915 -0.486148 1
-0.590834 -0.785094 2
-0.309099 -0.192123 1
-0.724190 -0.771663 2
-0.656707 0.273656 2
0.958664 0.696552 3
-0.340413 0.727968 1
0.733464 -0.920631 3
0.923228 -0.889746 3
-0.943136 0.170566 4
-0.689764 0.846384 2
0.679190 0.466491 1
-0.920101 -0.719630 4
-0.628290 -0.588887 2
-0.873729 0.344348 2
-0.921942 0.655186 4
0.858200 -0.512776 1
0.870092 -0.450899 1
0.295101 -0.854098 2
-0.222562 0.638394 1
0.419557 -0.263898 2
0.334945 -0.920856 3
-0.535930 0.068409 2
-0.841487 -0.612702 2
0.178663 -0.784623 2
0.557864 0.488899 1
-0.938239 0.237055 4
-0.044610 -0.858340 4
0.517424 0.327100 1
-0.447227 0.643695 1
-0.328552 -0.369169 1
0.298881 -0.470352 2
0.118054 0.168973 3
0.078748 -0.586844 2
0.314874 0.856186 2
-0.948451 -0.265568 4
-0.407711 0.386495 1
-0.186424 0.056359 4
-0.545096 -0.027911 4
0.443657 0.633568 2
0.187466 0.001522 3
0.122467 0.249227 3
-0.761424 -0.922143 4
0.390887 0.756001 2
0.404957 0.943661 3
0.399696 -0.923595 2
-0.425509 -0.301423 1
-0.393947 0.692546 1
0.867549 0.684801 1
-0.894299 0.182424 4
0.540987 -0.842749 1
0.916856 -0.866724 3
0.543746 -0.269568 1
0.189635 0.998650 3
0.702521 -0.366707 1
0.632218 -0.110013 1
0.634814 -0.245316 1
-0.860785 0.873391 4
-0.167459 0.530102 1
0.629391 -0.762502 1
0.473763 0.029087 3
-0.686097 -0.951746 4
0.727664 -0.080045 3
0.740800 0.595213 1
-0.395244 0.846501 1
-0.222363 -0.854257 4
-0.996248 -0.305508 4
-0.720980 0.547498 2
0.424924 0.468655 2
0.546148 0.127446 1
-0.898052 0.178366 4
-0.982567 0.736762 4
0.933050 -0.843352 3
0.610153 -0.234409 1
0.686750 0.239544 1
0.003089 0.160513 3
-0.731368 0.316992 2
0.208767 0.996296 3
-0.763053 -0.050433 4
0.591509 -0.158297 1
-0.203931 -0.630854 1
-0.012554 -0.200179 4
0.063638 0.266466 3
-0.652681 -0.511438 2
-0.264879 0.893467 4
0.616008 -0.162931 1
0.071833 0.633441 3
-0.426169 0.004883 4
0.790088 -0.816016 1
0.770475 0.476838 1
0.423528 -0.226436 2
-0.362649 0.692160 1
-0.909445 0.846118 4
0.688456 -0.672498 1
-0.204315 0.279964 1
0.169205 0.591754 2
0.649110 -0.843349 1
-0.608425 -0.287252 2
0.423117 -0.261106 2
0.201310 -0.841762 3
-0.367639 -0.182682 1
-0.004693 0.704194 4
-0.549241 0.569138 2
-0.290923 -0.759153 1
0.753122 -0.520448 1
0.717685 0.176651 1
0.253116 -0.644963 2
-0.131189 0.343671 1
-0.798845 -0.442734 2
0.671173 -0.003160 3
0.837231 -0.159622 3
-0.411406 0.486340 1
-0.002970 -0.019831 4
-0.800912 -0.579853 2
0.719063 0.400398 1
-0.421614 -0.648576 1
-0.782284 0.573693 2
-0.944382 -0.331525 4
0.142831 -0.235305 2
-0.090678 -0.104047 4
0.244247 -0.372993 2
-0.927396 -0.502637 2
-0.017956 -0.058585 4
0.841034 0.183199 3
0.498681 0.512207 2
-0.819961 0.335912 2
-0.647414 -0.231367 2
-0.177748 0.349616 1
0.748802 0.021340 3
0.769763 0.467865 1
-0.578262 -0.651851 2
0.819289 -0.360546 1
0.921842 0.874907 3
0.307929 0.064673 3
-0.360398 -0.782750 1
0.960626 0.883849 3
-0.155742 -0.966770 4
-0.618788 0.826302 2
-0.025355 -0.777754 4
0.009501 -0.526674 3
0.734453 0.189540 1
0.809238 -0.912962 3
0.958173 -0.368510 3
0.436654 0.706975 2
0.652829 0.206417 1
0.174840 -0.925433 3
0.554565 -0.005872 3
-0.285979 0.476407 1
-0.130965 -0.978050 4
-0.458920 0.508637 1
-0.760799 -0.498293 2
0.392486 0.083458 2
-0.465063 0.773698 1
-0.090240 0.509582 1
0.995944 0.919261 3
0.982908 0.730396 3
0.108800 0.792146 3
0.817434 0.066973 3
-0.576365 0.254088 2
-0.226052 -0.923535 4
-0.539495 0.948787 4
-0.848968 -0.984930 4
-0.057084 -0.134946 4
0.491477 0.811951 2
-0.112996 -0.967442 4
0.320588 0.126205 2
-0.465736 -0.286926 1
-0.790337 0.069201 4
-0.513228 0.119423 2
-0.421217 -0.517284 1
0.038684 -0.438309 3
-0.786888 -0.852516 4
-0.646163 -0.969453 4
0.214457 -0.222527 2
0.284635 0.988405 3
-0.146062 0.745139 1
0.937192 0.004970 3
0.760210 -0.119893 3
0.870024 0.251687 1
-0.307942 -0.242972 1
0.284245 -0.987354 3
0.883232 0.818509 3
-0.274280 -0.907105 4
-0.112290 0.212493 4
0.212318 0.466494 2
0.695209 -0.748998 1
-0.971815 0.908321 4
-0.601513 -0.617978 2
0.938868 0.612944 3
0.159495 0.223502 2
0.601348 -0.986567 3
-0.031358 0.538540 4
0.018403 -0.271149 3
-0.581353 -0.111574 2
0.980538 0.110705 3
0.645454 0.264783 1
0.123351 0.528686 2
0.083292 0.849071 3
0.621581 0.971002 3
0.061564 -0.166100 3
0.437496 -0.243228 2
0.084902 0.465681 2
-0.334907 0.483389 1
0.847703 -0.396039 1
0.096332 0.007198 3
0.827463 -0.302320 1
0.020631 -0.203895 3
-0.763780 -0.960966 4
0.524956 -0.345133 1
-0.072540 0.505494 1
0.765572 -0.427086 1
-0.229723 -0.111077 4
-0.898400 0.853569 4
-0.262006 0.723182 1
0.824571 0.799558 1
-0.442919 0.262067 1
-0.443669 0.641983 1
-0.272253 0.221424 1
0.125372 -0.424549 2
0.825385 -0.778296 1
0.582649 0.652848 1
-0.080616 -0.396720 1
-0.551048 0.155604 2
-0.357686 0.973908 4
0.810471 0.569774 1
0.479402 0.576043 2
-0.857312 -0.750321 2
-0.535034 -0.755712 2
-0.896752 0.202961 4
0.967470 0.927819 3
0.002519 -0.475449 3
0.189885 0.558849 2
-0.833466 0.917633 4
-0.219727 0.291906 1
-0.506917 -0.394342 2
0.513610 -0.924268 1
-0.741495 -0.567005 2
-0.320987 -0.292542 1
0.588599 0.321327 1
-0.318634 0.399070 1
-0.108899 -0.839232 4
-0.024887 0.033789 4
-0.589553 0.440080 2
0.278077 -0.486305 2
-0.356960 0.245547 1
-0.558487 0.645559 2
0.770098 0.631399 1
0.204408 0.936632 3
0.549031 0.984681 3
0.228539 -0.957885 3
-0.409661 -0.257851 1
-0.882153 -0.151156 4
0.175144 -0.203140 2
0.556302 -0.236257 1
-0.881814 -0.762332 4
-0.837187 0.009287 4
-0.601564 0.137926 2
-0.956924 -0.191117 4
-0.421994 0.321153 1
0.322578 0.221046 2
-0.433300 0.764091 1
-0.133395 -0.663202 1
0.395490 -0.928986 2
-0.726570 -0.055479 4
-0.944305 0.501969 2
-0.013364 -0.353966 4
-0.755882 0.104483 4
0.494878 0.419261 2
0.901343 0.051180 3
-0.816996 -0.980471 4
0.288848 -0.654183 2
0.028816 0.687284 3
0.483743 0.071892 2
-0.503833 -0.938251 2
-0.606955 0.818744 2
0.282795 -0.040255 3
0.582836 -0.850600 1
0.296542 -0.021674 3
-0.779586 0.569972 2
0.922847 -0.723891 3
0.071941 -0.090517 3
-0.077858 0.316059 4
-0.986034 -0.582980 4
-0.264680 0.915309 4
0.468200 -0.081676 2
0.934838 -0.242952 3
0.264141 -0.036346 3
-0.555668 -0.252116 2
-0.964454 -0.059502 4
-0.190368 -0.571409 1
-0.240757 -0.907572 4
0.388336 -0.657922 2
-0.758172 -0.315122 2
0.320404 -0.537758 2
-0.745150 0.243251 2
-0.261649 0.326792 1
-0.847266 0.660493 2
-0.357149 -0.833300 1
-0.922487 0.378171 2
-0.917991 0.545713 2
-0.703505 -0.983153 4
-0.697239 0.560636 2
-0.019498 -0.252907 4
-0.691480 0.016048 4
0.687591 0.118152 1
0.444639 -0.553167 2
0.210580 -0.167026 2
-0.211088 0.452408 1
0.517852 -0.890685 1
0.914650 0.772703 3
0.352566 -0.347000 2
0.099495 0.505300 2
-0.686507 0.742345 2
0.672000 -0.608994 1
0.120516 0.754010 3
0.936720 0.417011 1
0.770857 -0.760519 1
-0.022352 -0.248641 4
-0.013426 0.286167 4
0.767407 -0.325835 1
-0.595680 0.212046 2
0.120998 0.614899 2
-0.954980 0.909910 4
0.067307 0.562873 2
-0.980775 -0.018043 4
0.335576 0.371792 2
0.634957 -0.564930 1
-0.122908 0.948450 4
-0.822585 -0.450907 2
-0.660543 0.297932 2
-0.696898 -0.723823 2
-0.285057 -0.926041 4
-0.484342 0.692590 1
-0.174682 0.502232 1
-0.021242 -0.407275 4
-0.823603 0.383077 2
0.804771 0.297395 1
-0.002023 0.849791 4
0.207305 -0.934716 3
0.412664 0.226530 2
0.047241 -0.251761 3
-0.401678 -0.317802 1
0.183309 0.475414 2
-0.369351 0.360725 1
-0.975493 -0.029895 4
-0.341344 -0.672391 1
0.246282 0.373599 2
-0.598431 0.761940 2
0.066190 0.226887 3
0.264172 -0.955052 3
0.819612 0.440568 1
0.428025 0.624383 2
-0.262037 -0.573998 1
0.474174 0.945268 2
-0.508714 -0.113163 2
0.171799 0.538527 2
0.635077 0.770121 1
-0.779275 -0.181614 2
0.245536 -0.148626 2
-0.820889 0.270043 2
0.821479 -0.162233 3
0.597652 0.067762 1
-0.788634 0.999221 4
-0.170299 0.277556 1
0.226108 -0.906127 3
0.322504 0.045720 3
0.534441 -0.249471 1
-0.329897 -0.727595 1
0.176531 -0.855723 3
-0.782327 0.667817 2
0.031114 0.389472 3
0.206344 -0.333809 2
0.159593 0.427069 2
0.484577 -0.594871 2
-0.721557 0.663687 2
0.675171 -0.900077 1
-0.498545 0.272823 1
0.167684 -0.287179 2
0.272044 0.997386 3
0.990377 -0.501849 3
-0.908741 0.312881 4
0.543871 0.625701 1
-0.936590 -0.786026 4
0.898105 0.239940 3
-0.641750 -0.884221 2
-0.092243 0.389365 1
0.505251 -0.885899 1
-0.944445 -0.335156 4
0.541170 0.540132 1
0.069973 0.819614 3
0.203820 -0.254855 2
0.919537 0.705274 3
-0.982032 0.087221 4
-0.581905 0.290012 2
0.084607 -0.591528 2
0.788163 0.175866 1
0.721353 0.332034 1
-0.198433 0.784762 1
0.546008 -0.300328 1
0.024703 0.904258 3
-0.184549 0.932460 4
0.293623 -0.679298 2
-0.953439 0.349178 4
-0.014454 0.587731 4
-0.110690 -0.944480 4
0.407345 -0.906870 2
-0.199336 0.326881 1
0.798404 -0.181368 1
-0.585897 -0.783501 2
-0.891356 0.498710 2
-0.375029 0.896807 1
-0.325424 -0.653676 1
0.228841 0.476143 2
-0.868914 -0.225151 4
-0.824185 0.155789 4
-0.320893 -0.008734 4
0.088248 0.972730 3
0.311968 0.134809 2
0.321909 -0.702486 2
-0.277460 -0.788781 1
-0.646967 -0.870116 2
-0.695651 0.153697 2
0.456766 -0.897247 2
0.972330 0.870868 3
-0.680748 -0.919027 4
0.369578 -0.055777 3
0.977780 -0.955846 3
0.290546 0.206621 2
0.520296 0.421632 1
0.981470 0.696111 3
-0.422579 -0.339423 1
-0.312623 0.665669 1
-0.366692 0.999344 4
-0.199522 0.955216 4
-0.703142 0.523017 2
-0.833565 -0.350109 2
0.652901 -0.529216 1
0.803589 0.109667 3
-0.426463 0.775918 1
-0.019465 -0.107211 4
0.856892 -0.649887 1
0.837012 0.834672 3
-0.605733 0.127558 2
0.041293 0.914563 3
-0.450810 0.022763 4
0.610674 0.126611 1
0.683340 -0.701949 1
-0.207720 -0.683353 1
-0.702605 0.592757 2
-0.728136 -0.405747 2
0.115774 -0.561701 2
0.244144 -0.231324 2
-0.090917 0.047733 4
0.878343 0.482621 1
-0.176349 -0.141122 4
-0.624590 -0.319457 2
0.208991 -0.787579 2
-0.484785 0.603258 1
0.339979 0.556508 2
0.517821 0.889169 1
-0.420730 0.128495 1
0.015779 -0.737390 3
0.426545 0.808059 2
-0.420742 0.723940 1
0.400816 -0.148879 2
-0.681807 -0.483410 2
0.289420 0.562338 2
0.285266 -0.801496 2
-0.389929 0.163609 1
0.681125 0.433722 1
-0.977513 -0.943466 4
-0.885735 0.231478 4
-0.731045 -0.370520 2
-0.165264 0.608934 1
-0.814012 -0.647444 2
0.498103 -0.234742 2
0.481051 -0.486118 2
0.027868 -0.092403 3
-0.678059 0.607126 2
-0.368463 0.722757 1
-0.541753 -0.050270 4
-0.760652 0.747668 2
-0.487932 0.524614 1
0.946172 0.122139 3
-0.311777 0.627296 1
-0.444139 -0.289290 1
0.683830 -0.329873 1
0.942188 0.952786 3
0.299607 -0.223077 2
0.561720 0.485595 1
0.129480 0.059822 3
-0.749146 -0.389469 2
0.573705 0.278722 1
0.518127 0.895646 1
-0.114152 -0.850336 4
0.618403 0.344095 1
0.099395 0.857751 3
0.091763 0.611463 2
0.382364 0.037934 3
-0.266398 -0.929413 4
-0.334769 0.289464 1
-0.218703 -0.650939 1
0.959591 -0.276516 3
-0.698153 0.259198 2
0.500408 0.863566 1
-0.255206 -0.370113 1
-0.076611 -0.004353 4
0.240418 -0.502907 2
-0.725630 -0.241454 2
-0.607261 0.160218 2
-0.091790 -0.988858 4
-0.495687 -0.992395 4
0.868893 0.596076 1
0.619068 0.251257 1
-0.365990 -0.647330 1
0.321844 0.299241 2
0.642134 -0.896859 1
0.648302 0.601725 1
-0.173374 0.950148 4
-0.139077 -0.672967 1
0.813715 0.605716 1
-0.043079 -0.262897 4
-0.398636 -0.802661 1
0.234197 -0.124267 3
-0.044116 0.626936 4
-0.964049 0.864094 4
0.638078 -0.459736 1
0.871699 0.506971 1
-0.863661 0.490767 2
-0.241772 -0.229650 1
0.843437 -0.919927 3
-0.930410 0.485571 2
-0.816786 0.717892 2
0.087296 0.009840 3
0.668041 0.948218 3
0.336873 0.481755 2
0.553935 -0.706206 1
-0.781142 -0.844701 2
-0.508867 0.453055 2
0.031032 0.447017 3
0.079991 0.066983 3
0.311111 -0.281931 2
0.607247 0.182810 1
-0.774961 0.743586 2
-0.326423 -0.016732 4
-0.486064 -0.482986 1
0.063340 -0.416474 2
-0.997415 0.246554 4
-0.698582 0.089881 4
-0.743606 0.969459 4
0.038099 0.593267 3
0.451214 -0.407966 2
0.887060 0.670072 1
-0.252667 -0.621807 1
0.123127 0.778365 3
0.825210 -0.796882 1
-0.154652 0.136321 4
-0.078813 -0.547405 1
-0.680869 0.146226 2
-0.803819 -0.007292 4
-0.870506 -0.289884 2
0.509723 0.192834 1
0.293642 0.512308 2
-0.560612 0.595060 2
-0.397811 -0.304218 1
0.564519 0.640288 1
-0.710951 0.015733 4
-0.767678 -0.823891 2
-0.314194 -0.020345 4
-0.445698 0.808933 1
-0.241980 -0.620489 1
-0.987949 0.603368 4
0.515832 -0.066762 1
-0.944037 0.834963 4
-0.920535 -0.747856 4
-0.172328 -0.791041 1
-0.037740 -0.662606 4
0.401793 -0.744098 2
0.849702 0.841181 3
0.850963 -0.548109 1
-0.463037 0.415482 1
-0.907821 -0.173988 4
-0.568785 -0.675499 2
0.002120 0.117021 3
0.304156 0.556422 2
-0.074046 -0.937823 4
0.935933 -0.061995 3
0.665545 0.451766 1
0.871243 0.721508 1
0.286729 0.950708 3
0.973652 -0.885599 3
-0.840334 -0.064088 4
-0.548205 0.561459 2
0.191815 -0.698503 2
0.402640 0.042778 3
-0.246612 0.939603 4
-0.541740 -0.154433 2
-0.234385 -0.110525 4
0.170068 0.767735 2
-0.993504 -0.525776 4
0.324157 -0.067551 3
-0.463600 0.260091 1
0.870454 -0.798055 3
-0.288144 0.741697 1
0.923453 0.998586 3
0.692405 0.897105 1
-0.887014 0.852071 4
-0.166983 -0.435218 1
0.413530 -0.975168 3
-0.133721 -0.183830 4
0.067610 0.619667 3
-0.244227 0.525869 1
-0.534766 0.521388 2
-0.584656 0.635302 2
0.289124 -0.578160 2
-0.890474 -0.386719 2
0.354289 -0.354074 2
0.873372 0.224744 3
-0.152128 -0.414772 1
-0.033559 -0.228675 4
-0.416186 -0.341154 1
-0.331570 -0.303200 1
-0.489083 0.501448 1
0.261582 0.924447 3
0.526280 -0.872139 1
-0.259382 -0.406111 1
0.747528 0.496391 1
-0.880241 -0.787238 4
0.017779 -0.464897 3
0.848064 -0.693097 1
-0.043057 0.957590 4
-0.079816 -0.688768 4
-0.396484 -0.206445 1
0.535976 0.451388 1
0.378784 -0.497583 2
-0.777287 0.962597 4
0.161263 -0.108857 3
-0.340602 0.672181 1
-0.607409 0.920980 2
0.596628 0.918871 1
-0.951159 -0.662754 4
-0.487240 0.796369 1
0.833637 -0.367481 1
-0.990868 -0.148584 4
0.167621 0.857196 3
0.158319 -0.875436 3
0.814786 -0.921498 3
-0.564204 -0.581698 2
-0.127942 0.971772 4
0.869690 -0.749159 1
-0.525811 -0.907598 2
-0.786561 0.635453 2
-0.016455 -0.127164 4
0.307634 0.376136 2
-0.206184 -0.095738 4
0.295007 -0.157343 2
0.241508 0.807767 2
-0.360974 0.075144 1
-0.559715 -0.351842 2
0.926560 0.607907 1
-0.494647 0.084879 1
0.732471 -0.679861 1
0.163381 -0.831733 3
-0.261559 -0.964561 4
-0.859961 -0.391869 2
-0.713719 -0.385771 2
-0.299467 -0.500281 1
-0.750318 0.684078 2
0.372556 0.557315 2
0.060214 -0.833628 3
-0.538423 -0.644779 2
0.009029 0.703084 3
-0.837012 0.648055 2
-0.221771 -0.396727 1
-0.703788 -0.295211 2
-0.788820 -0.198434 2
0.789668 0.943651 3
0.121705 -0.046951 3
-0.888082 0.860146 4
-0.011512 -0.748042 4
-0.531723 0.274769 2
-0.133814 0.168810 4
0.774488 0.115868 3
-0.147111 0.147044 4
-0.326817 0.913103 4
0.313416 0.134760 2
-0.731676 -0.677555 2
-0.162155 -0.568688 1
0.970500 0.616074 3
0.034585 -0.733288 3
-0.679137 0.245765 2
0.068278 -0.889469 3
0.189416 -0.810017 2
0.063580 0.301334 3
-0.949870 -0.947932 4
0.553292 -0.481593 1
0.326837 -0.580522 2
0.687217 0.101325 1
0.535347 -0.459894 1
-0.751631 -0.791470 2
-0.546791 0.561785 2
0.343290 -0.278467 2
0.884230 -0.818865 3
0.152845 0.854730 3
0.797209 -0.812569 1
-0.878558 -0.881928 4
0.433196 0.189720 2
-0.771398 -0.377388 2
0.379703 0.292182 2
0.923946 0.429833 1
0.344250 0.477238 2
0.948240 -0.328913 3
0.896717 0.635457 1
0.772412 0.432063 1
-0.824438 -0.979219 4
0.640593 -0.371229 1
0.582566 -0.016116 3
0.350304 0.466796 2
0.165019 -0.496851 2
0.321526 -0.037772 3
-0.309421 0.442968 1
0.080300 -0.876225 3
-0.367312 0.308902 1
-0.253613 -0.987608 4
-0.398917 -0.329666 1
0.442225 0.945333 3
-0.852428 0.390465 2
-0.383580 -0.955711 4
0.025921 -0.611168 3
0.476352 0.201484 2
-0.590387 0.116945 2
0.830254 0.992179 3
-0.899171 0.180558 4
0.458975 0.265848 2
0.683707 -0.219499 1
-0.771924 -0.625713 2
-0.776531 0.308375 2
-0.501938 -0.143842 2
-0.382723 0.244449 1
-0.131451 0.218360 4
0.914783 -0.689226 3
0.163694 -0.937645 3
0.701239 0.780114 1
-0.893356 -0.272840 4
-0.831055 0.582996 2
0.928644 -0.421442 1
-0.300059 0.758898 1
-0.429263 -0.199231 1
-0.060544 -0.970288 4
-0.933383 -0.376837 4
-0.189787 -0.705307 1
-0.002550 0.033683 4
0.603068 0.495512 1
0.889841 -0.779655 3
-0.260039 -0.241610 1
0.438705 -0.345256 2
0.069164 -0.397601 2
-0.282901 -0.229597 1
-0.617487 -0.176257 2
0.497563 -0.448542 2
-0.593262 0.426207 2
0.130016 0.106679 3
0.185105 0.700753 2
0.907448 -0.875438 3
0.730465 0.974066 3
-0.252275 -0.459321 1
-0.731242 0.745175 2
0.574362 0.871826 1
0.240687 0.464202 2
-0.907829 0.980648 4
-0.777408 0.530877 2
-0.364608 0.291757 1
-0.866724 0.352491 2
-0.937840 -0.484212 2
-0.823767 0.559723 2
0.067246 -0.417029 2
-0.014070 -0.802738 4
0.689650 -0.828964 1
0.898015 0.597099 1
-0.704403 0.628481 2
0.571164 0.043323 3
-0.830840 0.839923 4
-0.211502 0.743521 1
0.711749 -0.970816 3
0.207723 0.803920 2
-0.990168 0.430316 4
0.334797 -0.354777 2
-0.277928 0.468072 1
0.997714 -0.215768 3
0.983860 -0.826053 3
-0.656045 0.051107 4
-0.243081 0.329886 1
0.248369 -0.553431 2
0.500921 0.146384 1
-0.956332 0.796519 4
-0.225135 0.614832 1
-0.160159 -0.055976 4
0.454755 0.628339 2
-0.312454 0.166504 1
0.657523 0.895269 1
-0.029576 0.667355 4
0.325585 -0.694779 2
-0.687421 -0.952343 4
0.773293 -0.689707 1
-0.168111 0.757154 1
-0.515760 0.175844 2
-0.191740 0.241159 1
-0.494270 -0.943371 1
0.687728 -0.993349 3
0.203013 0.731396 2
0.803170 0.977878 3
0.346228 -0.356989 2
-0.078098 -0.199017 4
-0.728650 0.609448 2
0.967487 0.928874 3
0.504717 -0.062089 1
0.596229 -0.169699 1
0.243132 0.908807 3
-0.122042 0.016425 4
-0.780900 0.709847 2
-0.226421 -0.296660 1
-0.114309 0.581839 1
0.944499 0.391420 3
0.638468 0.632227 1
0.398071 -0.158519 2
0.363623 0.201241 2
-0.180641 -0.290149 1
0.844252 0.741261 1
0.510834 -0.884398 1
0.350709 0.478321 2
-0.955524 -0.144574 4
-0.583769 0.640705 2
0.685727 0.659363 1
0.549512 -0.436315 1
-0.324212 0.768612 1
-0.726469 0.449367 2
-0.528048 0.159222 2
0.031206 -0.583549 3
-0.449358 -0.330326 1
-0.951322 0.948713 4
0.511155 0.412300 1
0.149954 -0.669486 2
-0.877849 -0.005794 4
-0.928225 0.632985 4
0.109808 0.422484 2
0.111305 0.154284 3
-0.722091 0.527537 2
-0.205011 0.963636 4
0.186900 -0.655499 2
-0.472679 0.862689 1
-0.886886 -0.199147 4
0.312056 -0.414934 2
0.960074 -0.656738 3
0.001517 -0.489284 3
0.012936 0.050195 3
-0.540571 -0.475910 2
-0.537505 0.609383 2
-0.145396 -0.415354 1
-0.396411 -0.073621 1
-0.782369 0.713398 2
-0.651137 0.328936 2
-0.132318 -0.373228 1
-0.143527 0.662671 1
-0.409592 -0.956627 4
-0.992827 0.117730 4
0.906062 -0.879714 3
0.918582 0.218118 3
-0.294648 0.878657 1
0.561379 0.706869 1
-0.610627 -0.425685 2
-0.242936 -0.151198 1
0.098405 0.219559 3
-0.541814 0.953009 4
0.804206 0.061775 3
-0.120612 -0.978163 4
-0.224827 0.228251 1
0.350773 0.642855 2
0.855023 -0.792754 3
0.305526 -0.554569 2
-0.749380 0.312699 2
0.563161 -0.843319 1
0.432985 0.481743 2
0.374799 -0.861662 2
0.360400 -0.063822 3
0.845207 0.749773 1
0.510493 -0.397729 1
-0.401425 -0.391102 1
0.821831 0.056761 3
-0.438093 0.626036 1
-0.881464 0.441295 2
0.647873 -0.106292 1
-0.330454 -0.001354 4
-0.463437 -0.475431 1
0.205892 0.842089 3
-0.030000 0.456512 4
0.154788 -0.466839 2
0.613193 -0.412227 1
-0.985096 -0.012008 4
-0.273889 0.375304 1
0.924170 -0.428682 1
0.125076 0.434663 2
0.173589 0.723652 2
-0.956439 -0.004580 4
-0.219588 -0.394532 1
-0.378544 -0.101052 1
-0.953237 -0.730671 4
0.792656 -0.283691 1
0.267976 -0.670781 2
0.240878 -0.526132 2
-0.828692 -0.789122 2
0.930380 0.326096 3
-0.255961 0.543573 1
0.913869 -0.241056 3
-0.468435 -0.360021 1
-0.865753 -0.544264 2
0.211297 0.259324 2
0.890399 -0.615114 1
-0.017025 0.933960 4
0.380306 0.763388 2
-0.460572 -0.998238 4
-0.337664 -0.413808 1
-0.728908 -0.545008 2
0.302501 0.539067 2
-0.215788 -0.456621 1
-0.987065 -0.044480 4
-0.245743 0.943315 4
-0.718384 0.498296 2
0.486888 -0.804515 2
-0.742760 -0.981547 4
-0.164536 -0.608513 1
-0.525811 -0.953239 4
0.650811 -0.635412 1
-0.568353 -0.366214 2
-0.701452 0.811953 2
-0.602826 -0.162024 2
0.813715 0.059510 3
0.424167 -0.915193 2
0.514502 -0.273332 1
0.623874 -0.701286 1
0.270047 0.636809 2
0.254234 -0.975696 3
0.580123 0.535850 1
0.522600 0.067011 1
0.731334 0.779840 1
0.085464 -0.433202 2
-0.828673 0.559653 2
-0.386441 0.822138 1
0.924241 0.045206 3
-0.544076 -0.777211 2
-0.142841 -0.146903 4
0.060764 -0.329127 3
0.912607 -0.515068 1
-0.244320 0.427109 1
0.211600 -0.620446 2
0.725823 -0.518353 1
-0.983638 -0.019943 4
-0.494050 0.596486 1
-0.484094 -0.971450 4
-0.336503 -0.752759 1
0.808390 0.748961 1
-0.185961 0.979717 4
0.308615 0.427598 2
0.801855 0.232856 1
-0.527197 -0.742221 2
0.455644 0.329962 2
0.110876 -0.483592 2
-0.999165 0.023483 4
0.001340 -0.243485 3
-0.549408 -0.787060 2
0.136069 -0.823585 3
-0.305413 0.152431 1
0.156471 0.200537 3
-0.251083 0.672378 1
0.229087 0.412414 2
0.919618 0.037478 3
0.161375 -0.266343 2
0.017195 -0.530010 3
-0.838745 -0.180950 4
0.702846 -0.365942 1
0.076828 0.158490 3
0.964020 -0.812296 3
0.674898 0.964856 3
0.211187 -0.323762 2
-0.278629 0.661779 1
-0.110822 0.857440 4
0.838194 0.583765 1
0.009871 -0.005335 3
-0.215699 0.758788 1
-0.332957 -0.986611 4
0.171202 -0.413338 2
0.050866 -0.667422 3
0.320319 -0.931939 3
-0.197432 0.481574 1
-0.112889 -0.494587 1
-0.884368 0.963939 4
0.663903 -0.920348 3
-0.848357 0.338801 2
-0.955492 0.362830 4
-0.984961 -0.234121 4
0.024609 -0.095783 3
-0.376681 -0.137197 1
-0.512019 0.633191 2
0.857468 0.272283 1
0.391979 -0.475489 2
0.285671 -0.436819 2
0.111173 -0.663462 2
-0.104241 -0.568508 1
-0.595401 0.698326 2
0.913065 0.291710 3
-0.796261 -0.971303 4
0.255649 0.867642 2
-0.891650 0.407292 2
0.206442 -0.847142 3
-0.229878 0.221481 1
-0.081263 0.794731 4
-0.874302 0.542056 2
-0.342466 -0.386321 1
0.175247 -0.484998 2
0.885962 -0.432774 1
0.039513 0.171633 3
0.130407 -0.849314 3
0.508171 -0.973834 3
-0.417822 0.912769 1
0.724492 -0.504756 1
0.204479 0.928231 3
-0.476059 -0.539873 1
0.795873 -0.367709 1
0.867419 0.002316 3
-0.214851 -0.362459 1
-0.776203 0.703886 2
-0.567728 -0.650505 2
0.245942 0.089806 3
-0.036827 -0.578811 4
0.604808 -0.150865 1
-0.011585 -0.355678 4
-0.979232 -0.881178 4
-0.204992 0.528939 1
-0.855012 0.377186 2
0.441708 0.869480 2
0.872430 -0.353813 1
0.797711 -0.603629 1
0.106314 0.593585 2
0.028662 -0.026267 3
-0.404100 0.813810 1
0.611274 -0.180303 1
0.517696 -0.956454 3
0.169192 -0.236362 2
0.133352 -0.867635 3
0.184826 -0.261839 2
-0.018500 -0.826759 4
0.382483 0.002268 3
-0.707937 -0.822509 2
-0.468793 -0.562949 1
0.554677 0.972915 3
-0.693469 0.427107 2
-0.380899 -0.895757 1
0.823478 0.725416 1
0.697827 -0.147861 1
-0.300851 -0.706272 1
-0.334051 -0.689577 1
0.113425 -0.816355 3
-0.646030 -0.717384 2
-0.052717 0.487322 4
-0.585019 -0.867891 2
-0.774517 0.396482 2
-0.694650 0.607965 2
-0.601250 -0.402586 2
0.785456 -0.070043 3
0.034465 0.340133 3
-0.097129 0.340996 1
-0.232760 0.521973 1
0.445238 -0.409283 2
0.247388 0.143066 2
0.442857 0.946537 3
0.436793 -0.891194 2
-0.743039 -0.449782 2
-0.707549 -0.389070 2
-0.167166 0.239733 1
-0.901747 0.247815 4
0.371842 -0.676264 2
-0.355703 0.677193 1
0.931701 0.043047 3
-0.725394 0.717157 2
0.973003 0.309071 3
0.057290 -0.124125 3
-0.349933 0.824530 1
-0.602153 -0.904695 2
-0.584753 0.645236 2
0.238371 0.858104 2
0.591773 -0.324836 1
0.966910 0.848734 3
0.225382 -0.740640 2
-0.540336 -0.941784 2
0.499094 -0.442083 2
0.306032 -0.129064 2
-0.118348 0.950329 4
-0.451871 -0.186647 1
-0.006625 -0.177265 4
-0.469490 -0.033621 4
-0.868194 0.587800 2
0.842253 -0.218127 1
0.412330 -0.759899 2
-0.122821 0.827577 4
0.885337 -0.884450 3
0.685681 0.477110 1
-0.209286 0.652591 1
0.325844 -0.983904 3
0.911951 0.785508 3
-0.925688 0.411045 2
-0.656575 0.380344 2
-0.718019 0.225077 2
0.330672 -0.169890 2
-0.961569 -0.675952 4
0.652845 -0.431059 1
0.290427 0.784652 2
-0.843258 0.132680 4
-0.433475 0.569072 1
0.372781 0.443703 2
0.396649 0.258117 2
0.559253 0.082330 1
-0.264773 -0.650033 1
-0.265079 -0.938929 4
-0.633937 -0.353128 2
0.846579 -0.559624 1
-0.942083 -0.809996 4
0.820719 -0.660102 1
0.415081 0.151392 2
0.170009 0.453512 2
0.475440 -0.177146 2
-0.977547 -0.234134 4
-0.392494 -0.820805 1
0.898546 0.174030 3
0.748267 0.271327 1
-0.382266 0.144916 1
-0.470556 -0.823013 1
-0.772754 0.264671 2
-0.473046 -0.037833 4
0.325742 -0.106983 2
0.609039 0.172321 1
0.333393 0.666956 2
0.362325 0.154112 2
-0.993145 -0.222594 4
-0.694496 0.176863 2
-0.769082 0.780944 2
0.999717 -0.746629 3
-0.453190 -0.392777 1
-0.567434 -0.554643 2
0.781253 -0.819167 1
0.716684 -0.601013 1
0.325749 -0.753872 2
-0.424026 0.552995 1
0.510799 0.102928 1
-0.484838 -0.163459 1
0.995945 -0.875799 3
-0.991138 0.329338 4
0.791158 0.371187 1
-0.516549 0.798013 2
-0.851407 -0.211045 4
-0.025124 -0.620490 4
-0.430101 -0.025407 4
-0.367118 0.116710 1
0.581816 0.065448 1
0.562066 0.363070 1
0.246281 0.278750 2
0.762057 -0.427970 1
0.524878 -0.661969 1
-0.874975 0.035677 4
0.440959 -0.359813 2
0.872218 0.436904 1
-0.235612 0.881081 4
-0.233757 -0.444454 1
0.252267 0.249693 2
-0.646441 0.400860 2
-0.961352 0.328434 4
0.780370 -0.391453 1
-0.696972 -0.586748 2
0.725257 0.884844 1
0.478700 0.287323 2
0.247914 -0.275019 2
-0.433927 0.009970 4
0.297010 -0.909049 3
0.348001 0.422035 2
0.126628 -0.211040 3
-0.937778 -0.001153 4
-0.774135 -0.173390 2
-0.120073 -0.007893 4
0.382156 -0.867806 2
-0.758200 0.735715 2
0.533054 -0.719551 1
0.064149 0.313425 3
-0.111004 0.367177 1
0.726677 -0.385747 1
0.252021 0.205376 2
0.901576 -0.500066 1
0.930357 -0.532351 1
0.509904 0.227367 1
-0.441400 -0.142094 1
-0.350598 0.685228 1
0.646866 -0.288376 1
-0.315925 0.872730 1
0.538234 0.564002 1
-0.135162 -0.079610 4
0.696197 0.106638 1
-0.343895 0.229251 1
0.387087 0.720254 2
-0.457324 -0.723917 1
0.087431 -0.730648 3
-0.109664 -0.660549 1
0.474729 -0.208088 2
-0.160615 0.405086 1
0.259561 -0.650710 2
-0.367547 0.818161 1
0.207195 0.281855 2
0.503390 -0.145939 1
0.993479 -0.812535 3
-0.273208 0.531713 1
0.751467 0.591629 1
-0.547896 0.447664 2
-0.301733 0.108209 1
-0.323085 -0.914646 4
-0.171538 0.219591 1
-0.638564 0.915893 2
0.488943 0.251772 2
-0.744656 -0.036328 4
-0.956316 0.094729 4
-0.631243 0.303245 2
0.444019 0.001210 3
0.121406 -0.348786 2
-0.716934 -0.375204 2
0.505275 -0.723455 1
-0.187739 -0.767933 1
0.808258 -0.436272 1
0.823696 -0.739638 1
-0.988608 -0.478037 4
0.368571 -0.311693 2
-0.392683 -0.802967 1
0.907898 -0.031247 3
-0.887074 0.396841 2
-0.779475 -0.631730 2
-0.639487 -0.735791 2
0.462999 -0.270730 2
0.567454 -0.092982 1
0.730481 -0.311140 1
0.558232 -0.986454 3
0.313656 0.063507 3
-0.709909 -0.874083 2
0.295574 -0.901650 3
-0.310355 0.119270 1
-0.641288 -0.298963 2
0.641233 0.727282 1
0.389345 -0.751450 2
0.924315 0.297243 3
0.217303 -0.962759 3
-0.305915 0.437828 1
-0.594489 0.054598 4
0.702037 0.868510 1
0.783868 0.269491 1
-0.224472 0.514349 1
0.958351 -0.666239 3
0.527895 0.272007 1
0.397268 0.817986 2
0.397924 -0.307158 2
0.916336 -0.912431 3
0.812113 -0.724953 1
-0.211393 0.453346 1
-0.997670 -0.822049 4
0.701895 0.926645 3
0.475195 -0.080802 2
0.963886 -0.830721 3
-0.642974 -0.630603 2
0.223877 -0.940937 3
-0.762092 0.007745 4
0.328553 0.013436 3
-0.477906 0.286904 1
0.347197 -0.950011 3
-0.441089 -0.255535 1
0.867975 0.956835 3
0.437307 0.784311 2
-0.955596 0.249420 4
-0.940642 -0.166989 4
-0.297235 -0.938312 4
0.010962 -0.595339 3
0.988333 -0.513843 3
0.323859 0.952219 3
-0.344564 0.680885 1
-0.678383 0.879314 2
0.739948 -0.440475 1
-0.112941 0.068501 4
0.572961 0.409153 1
-0.644595 -0.079842 2
0.459142 -0.085684 2
0.664622 0.327117 1
-0.128849 0.101930 4
0.111428 -0.084445 3
-0.648651 0.170786 2
0.748566 0.054115 3
0.232474 -0.240471 2
0.458776 0.220807 2
0.245686 -0.217365 2
0.173026 0.901122 3
-0.536480 0.494643 2
0.780436 -0.796532 1
-0.945832 -0.332505 4
0.271969 0.627128 2
-0.923352 0.627374 2
-0.452714 0.535790 1
-0.458310 -0.788092 1
-0.137093 0.412842 1
0.313838 0.974335 3
-0.671603 0.665187 2
0.145121 -0.923037 3
-0.280698 -0.622405 1
-0.163508 -0.821922 4
0.598402 -0.917823 1
-0.039287 -0.228572 4
0.983299 0.424233 3
-0.733929 0.763735 2
0.627701 -0.679761 1
-0.568770 -0.100330 2
0.947367 -0.492123 3
-0.472956 -0.505347 1
-0.956333 0.068734 4
-0.293438 -0.093426 4
-0.518424 -0.979600 4
-0.119091 -0.190027 4
0.685587 -0.973970 3
-0.113064 -0.595111 1
-0.596375 0.723428 2
-0.417032 -0.997973 4
0.805605 0.543681 1
-0.226545 0.788905 1
-0.032086 0.039527 4
0.552640 -0.404385 1
0.359766 0.983869 3
0.495285 0.307133 2
-0.508253 -0.977672 4
0.801786 -0.464586 1
0.091062 -0.491652 2
0.441988 0.572638 2
-0.471252 -0.677103 1
-0.617389 -0.785665 2
-0.651073 0.269547 2
-0.380776 -0.247449 1
-0.007025 0.202192 4
-0.245422 -0.201420 1
-0.254127 0.528033 1
-0.412515 0.713787 1
-0.432440 -0.859876 1
-0.690599 0.927325 4
-0.876006 0.804686 4
0.234458 -0.384259 2
0.827014 0.036245 3
0.151155 -0.081924 3
0.544593 -0.406857 1
-0.509286 -0.926660 2
-0.083960 -0.126675 4
-0.712325 0.264967 2
-0.857128 -0.093100 4
-0.982482 0.135847 4
-0.890908 -0.227904 4
0.934427 -0.145035 3
-0.699870 -0.478089 2
-0.431249 -0.132311 1
-0.337964 -0.121848 1
-0.204985 -0.213970 1
-0.317162 -0.970527 4
0.401770 -0.490148 2
0.065717 -0.447075 2
0.427928 -0.389690 2
0.146069 0.918643 3
-0.316350 -0.937891 4
-0.208032 -0.028674 4
0.327076 -0.065160 3
0.878225 0.344594 1
-0.929313 0.987317 4
-0.883310 -0.994886 4
-0.157718 -0.583180 1
-0.472975 0.411033 1
0.284509 0.189061 2
-0.710815 -0.920476 4
0.975090 -0.027977 3
-0.891003 0.376861 2
0.481875 0.174714 2
0.929786 -0.090196 3
0.785024 0.075855 3
-0.171553 -0.531326 1
0.137963 0.620415 2
0.440000 -0.534961 2
-0.444745 0.318225 1
0.809633 -0.374058 1
0.305542 0.926323 3
-0.368945 -0.852176 1
-0.656857 0.158080 2
0.558857 0.627652 1
-0.652859 0.848042 2
0.707176 -0.677768 1
-0.179935 0.816173 4
0.699093 -0.698060 1
-0.009113 0.628879 4
0.211744 -0.224090 2
-0.295267 -0.959809 4
0.244585 0.842697 2
0.660605 -0.315416 1
-0.692264 -0.784140 2
-0.997191 -0.882631 4
-0.158198 0.308352 1
-0.956308 0.472857 4
0.456176 -0.613165 2
-0.369062 0.015033 4
-0.985513 -0.021921 4
-0.136925 0.721663 1
0.300311 0.683140 2
0.537836 -0.000597 3
0.985080 -0.471278 3
-0.371718 0.196824 1
0.304633 0.333015 2
0.237015 -0.450783 2
0.175712 -0.102380 3
0.233802 0.483448 2
0.113480 0.236611 3
0.600817 0.955282 3
-0.455037 0.644509 1
0.428139 -0.998861 3
-0.968656 -0.940923 4
0.016172 -0.954169 3
0.037156 0.879247 3
0.767495 -0.662534 1
0.562387 0.305330 1
0.336869 0.547467 2
0.834053 0.965151 3
-0.255709 0.138686 1
0.298167 0.981306 3
0.687903 -0.526121 1
-0.121074 -0.078295 4
0.957327 0.992406 3
-0.841684 0.558144 2
0.947687 -0.296721 3
0.202653 0.375826 2
-0.295582 0.233997 1
0.434903 0.720590 2
0.279829 -0.527941 2
0.599836 0.047323 3
-0.190475 0.162223 4
-0.647346 -0.853606 2
-0.290310 -0.813293 1
-0.888454 0.453981 2
0.325392 0.409713 2
0.435287 0.013295 3
0.883592 -0.685788 1
0.935000 0.840919 3
-0.693382 -0.906684 4
0.399063 -0.745695 2
-0.203405 -0.398284 1
0.630132 0.501012 1
0.835713 0.065035 3
0.221602 0.115542 3
0.537093 -0.178562 1
-0.837135 -0.653382 2
0.983661 -0.484481 3
-0.506987 -0.306649 2
-0.297774 -0.395441 1
-0.852668 -0.972382 4
-0.985729 0.582618 4
0.040913 0.897863 3
0.896831 -0.024087 3
0.738782 -0.796552 1
0.069229 0.137845 3
-0.542246 0.865823 2
0.739561 -0.912115 3
0.366836 0.575274 2
0.152920 -0.411562 2
-0.309184 -0.309987 1
0.409876 -0.146319 2
0.036632 0.393537 3
0.369201 0.529644 2
-0.913111 -0.928573 4
-0.865797 -0.765779 4
-0.900955 -0.851526 4
0.816839 0.139958 3
-0.953663 0.713670 4
-0.884129 0.785119 4
0.917118 0.185099 3
-0.077036 -0.625129 1
0.050922 -0.337476 3
-0.537243 -0.582242 2
-0.762202 0.615677 2
0.006195 -0.071386 3
-0.694310 -0.583929 2
0.782296 0.342322 1
0.809609 0.151496 3
-0.128034 0.896497 4
0.222923 0.006169 3
-0.869282 0.321967 2
0.154643 0.947557 3
-0.538075 0.200981 2
0.661226 -0.422204 1
-0.013901 0.578344 4
0.762895 0.909063 3
0.953216 -0.186183 3
-0.428413 -0.584028 1
0.231575 -0.190614 2
-0.968351 -0.762229 4
0.738000 -0.662661 1
-0.346158 0.520295 1
0.679660 -0.536549 1
-0.328208 -0.448374 1
-0.640052 0.894715 2
0.557795 -0.509334 1
0.216682 -0.287562 2
-0.561777 0.678607 2
0.913419 -0.900550 3
-0.743597 -0.100482 4
0.677794 -0.980702 3
-0.191419 0.631010 1
-0.166884 0.380169 1
-0.953018 -0.935309 4
-0.810446 -0.921369 4
-0.697539 0.927554 4
-0.584031 -0.043697 4
0.447850 -0.904370 2
0.419754 -0.880359 2
-0.352744 0.779702 1
-0.985644 -0.794949 4
-0.729632 0.231038 2
-0.082511 -0.291408 4
-0.090355 -0.169092 4
-0.191959 0.166048 4
0.730426 -0.514165 1
0.185347 -0.460992 2
-0.883156 -0.981538 4
0.919177 -0.836174 3
-0.916847 -0.891269 4
-0.757543 -0.614386 2
-0.963715 -0.341574 4
0.341917 0.484135 2
-0.245944 -0.238329 1
0.603776 0.401311 1
-0.458627 0.618132 1
0.606362 -0.188258 1
-0.150830 -0.476149 1
0.520333 0.758815 1
0.354759 -0.671626 2
-0.075136 0.085185 4
-0.185791 -0.889790 4
0.624193 -0.068947 3
-0.871327 0.543369 2
0.094880 -0.788175 3
0.652101 0.337336 1
-0.402561 0.688386 1
0.995763 0.939356 3
0.172521 -0.250182 2
-0.298973 -0.223703 1
-0.848870 0.242401 2
-0.605571 0.757491 2
-0.945858 0.243599 4
-0.718657 0.574475 2
0.002415 0.636101 3
0.902850 0.927279 3
-0.278713 -0.282941 1
-0.962511 -0.654520 4
0.648112 -0.833838 1
0.888849 -0.257008 3
-0.622013 0.540950 2
-0.919672 -0.024573 4
0.229335 -0.923909 3
-0.085217 -0.598144 1
-0.174091 0.615810 1
0.178153 -0.022962 3
-0.141789 0.572582 1
-0.265470 -0.087647 4
-0.183818 0.015872 4
-0.513171 0.818597 2
-0.348026 -0.610322 1
0.745876 0.373260 1
0.106737 0.783365 3
0.718740 -0.245151 1
0.949527 0.607589 3
0.497840 -0.672486 2
0.148539 0.578168 2
0.302940 -0.622126 2
0.654259 -0.782277 1
-0.220270 -0.519832 1
0.833534 0.957883 3
0.457206 -0.308255 2
0.530466 -0.808264 1
0.604098 -0.653352 1
0.207608 -0.909073 3
-0.834756 0.859582 4
-0.519395 0.911120 2
0.232843 0.587342 2
0.694485 -0.048417 3
-0.657810 0.644011 2
-0.440828 0.840031 1
0.971525 0.707711 3
0.418199 0.274466 2
-0.914415 0.072458 4
0.492189 -0.134685 2
0.552626 0.325723 1
-0.176802 0.009832 4
-0.982532 -0.646336 4
0.201568 0.621566 2
-0.299688 -0.590823 1
0.712492 -0.134444 1
-0.731241 -0.806903 2
-0.223324 0.501601 1
0.780439 -0.528839 1
-0.546816 -0.877371 2
-0.884828 0.012356 4
0.962660 -0.913303 3
-0.279933 0.380859 1
0.361163 -0.194349 2
-0.546683 -0.146648 2
0.670966 -0.994057 3
-0.820925 -0.505835 2
0.015776 -0.803457 3
-0.152171 -0.782656 4
0.818109 0.548141 1
-0.373479 0.530601 1
-0.586303 -0.104720 2
0.723698 0.190373 1
-0.603119 0.504137 2
0.661534 -0.149935 1
0.626766 0.776706 1
0.862421 0.589425 1
0.863403 -0.417513 1
-0.029715 0.224566 4
0.388139 0.423602 2
-0.922082 0.059105 4
0.429545 -0.743007 2
0.553270 -0.554679 1
-0.546464 -0.598901 2
-0.337335 -0.728356 1
0.949240 0.289186 3
0.802245 -0.637063 1
-0.815535 0.525943 2
0.553310 -0.418654 1
0.030080 0.214843 3
0.431411 -0.343155 2
-0.008451 0.293832 4
-0.753729 -0.145048 2
0.876320 0.216555 3
-0.920483 0.264459 4
-0.359843 -0.842565 1
-0.676436 -0.930297 4
-0.585572 0.876834 2
-0.484976 -0.132036 1
-0.722067 0.177689 2
0.139608 -0.772827 3
-0.533125 -0.058147 2
-0.409890 -0.348659 1
-0.532203 -0.856581 2
0.232687 0.497876 2
0.358263 -0.335902 2
-0.845278 -0.650189 2
0.957931 -0.599007 3
0.204763 0.834250 2
0.617548 0.284280 1
0.098709 -0.742294 3
0.441715 0.422273 2
-0.672592 0.856143 2
0.299107 -0.157568 2
-0.275893 0.577040 1
-0.979879 0.863715 4
0.804213 -0.513003 1
-0.194431 -0.605677 1
0.138337 0.273365 2
-0.462258 -0.628976 1
-0.228758 0.896005 4
0.035123 -0.074037 3
-0.754184 -0.006947 4
0.326956 0.450579 2
-0.172696 -0.055496 4
-0.265141 0.926013 4
0.202210 -0.823426 2
0.348286 0.529618 2
-0.967282 -0.352607 4
-0.627949 -0.243175 2
-0.775567 -0.607828 2
-0.379460 -0.971354 4
-0.120831 0.426109 1
-0.577031 -0.982494 4
-0.300526 -0.039289 4
-0.611469 0.470716 2
-0.143284 0.423653 1
-0.603321 0.102532 2
-0.583293 0.723636 2
-0.446889 0.244010 1
-0.331860 0.287970 1
0.170023 0.870350 3
0.464544 -0.481691 2
0.399968 0.497262 2
0.165702 0.772019 2
-0.745914 0.390135 2
-0.835809 -0.125373 4
0.418782 0.043360 3
-0.699264 0.841750 2
0.060866 0.000210 3
-0.197538 0.449397 1
-0.529074 0.659177 2
-0.126950 -0.132395 4
-0.238291 0.289757 1
-0.408759 0.314820 1
-0.466233 0.259381 1
-0.397210 0.703791 1
0.129731 -0.932666 3
-0.777900 -0.470301 2
0.564595 0.387803 1
-0.698281 0.818682 2
-0.222062 -0.534090 1
-0.306691 -0.803281 1
0.509270 -0.005956 3
-0.961530 -0.429863 4
0.994255 -0.159069 3
-0.980466 -0.534819 4
-0.499891 -0.107416 1
0.332786 0.261818 2
-0.817659 0.924027 4
-0.423362 -0.283892 1
0.183408 0.179428 3
-0.580101 -0.686861 2
0.246762 -0.358001 2
-0.157162 -0.188643 4
-0.970199 0.144557 4
-0.369961 -0.192261 1
0.610467 0.323348 1
0.004459 0.119737 3
-0.682607 0.042929 4
0.689874 -0.688353 1
0.883860 0.709408 1
-0.223172 -0.616031 1
-0.398009 -0.890386 1
0.645787 -0.215668 1
-0.966359 -0.777575 4
0.500440 0.217049 1
0.401854 0.920339 2
0.530188 -0.351384 1
-0.437662 -0.626973 1
0.459973 -0.407861 2
0.517584 -0.909988 1
0.399878 0.128051 2
0.413361 -0.595663 2
-0.752212 0.730753 2
0.447266 0.937662 2
-0.957600 0.331126 4
0.647069 -0.180772 1
0.715095 -0.750939 1
-0.071158 0.360882 4
0.033393 -0.037517 3
0.583307 -0.466167 1
-0.820468 -0.014839 4
-0.545828 0.709720 2
0.633776 0.016509 3
-0.917254 0.093749 4
0.608648 0.600330 1
0.183762 0.008526 3
-0.271620 -0.402878 1
0.412863 -0.023832 3
-0.672125 -0.139871 2
-0.086170 -0.629724 1
-0.808745 -0.439100 2
0.189504 0.906349 3
-0.190039 -0.881654 4
0.267231 0.843354 2
0.080828 -0.149462 3
-0.622813 0.260360 2
0.835699 -0.168641 3
-0.029920 0.469475 4
0.847868 0.052826 3
-0.436776 0.456516 1
-0.346844 0.746985 1
-0.534957 0.381537 2
-0.655892 0.877906 2
-0.642295 -0.328017 2
-0.261965 0.271535 1
0.042259 -0.070711 3
0.832435 -0.768238 1
-0.164361 -0.357604 1
-0.649892 -0.897131 2
-0.514250 0.430937 2
-0.046593 -0.137064 4
-0.308703 -0.210894 1
0.694295 0.661377 1
-0.741419 0.542163 2
-0.285797 -0.178196 1
-0.001321 0.367359 4
-0.431210 0.463722 1
-0.251104 -0.087103 4
0.341628 0.106601 2
0.584880 -0.920337 1
-0.621864 -0.372861 2
0.008952 -0.789429 3
-0.141099 0.844591 4
-0.147033 0.209010 4
0.947460 0.338717 3
-0.360054 -0.099132 1
-0.798347 0.331243 2
0.689974 0.895948 1
-0.007380 0.948554 4
0.438111 0.706823 2
-0.229642 -0.563209 1
0.074182 0.339148 3
0.900513 0.823078 3
-0.747955 0.242141 2
-0.070321 0.836926 4
0.321804 0.307816 2
-0.535935 -0.669244 2
0.518387 0.322966 1
-0.824653 -0.628646 2
-0.468024 -0.877193 1
0.710071 0.171922 1
0.023675 0.911724 3
-0.496835 -0.286351 1
0.807672 0.495785 1
-0.337797 0.245783 1
0.202608 0.432561 2
0.682574 -0.723209 1
-0.228291 0.583087 1
-0.900131 0.023755 4
-0.174772 0.029548 4
-0.139320 -0.852969 4
-0.662636 0.324745 2
-0.522212 0.855751 2
-0.352289 -0.346865 1
-0.772895 0.179686 2
-0.224058 0.937176 4
-0.648392 0.799617 2
0.848900 -0.145227 3
-0.486734 0.656572 1
-0.649442 0.175469 2
-0.097645 0.553166 1
-0.391970 -0.415071 1
0.829957 0.379739 1
-0.831984 0.929826 4
-0.596506 -0.006756 4
-0.040626 0.264174 4
0.140275 0.296738 2
-0.411081 0.618063 1
0.152489 0.236630 2
-0.728803 0.379595 2
-0.583684 0.047139 4
0.316770 -0.232076 2
-0.153243 0.165670 4
0.622697 0.360022 1
-0.177758 0.973255 4
-0.464509 0.724597 1
0.526422 0.143521 1
-0.690474 0.356379 2
-0.476740 -0.522457 1
0.286204 -0.073246 3
0.470787 -0.754421 2
-0.809072 -0.388938 2
0.542317 -0.220154 1
-0.770875 -0.305193 2
-0.983524 -0.499678 4
-0.925599 -0.567208 2
0.547462 0.391171 1
0.200716 -0.605782 2
-0.443159 -0.176586 1
0.754241 0.379083 1
-0.203331 -0.710268 1
0.103680 -0.676909 2
0.433253 0.413207 2
0.679470 0.956513 3
0.890749 -0.034326 3
-0.116734 0.361536 1
0.211253 0.074194 3
0.972598 -0.246430 3
0.854040 -0.798277 3
0.448377 0.870516 2
-0.297955 0.522778 1
-0.696692 -0.750493 2
-0.086051 0.504025 1
-0.356275 0.470791 1
-0.672562 -0.602034 2
-0.150126 0.124108 4
-0.312302 0.953554 4
0.447198 -0.879049 2
0.366761 0.126668 2
-0.922536 0.257510 4
-0.907658 -0.039270 4
-0.380955 0.303595 1
-0.965076 -0.408357 4
-0.942835 0.888964 4
-0.206634 0.505541 1
0.759480 0.495411 1
0.028319 -0.937211 3
0.744917 0.942268 3
0.566813 -0.611357 1
0.413058 0.894252 2
-0.213391 -0.737068 1
0.018359 0.474307 3
-0.783514 -0.534443 2
0.595259 0.583247 1
0.592225 0.672722 1
-0.159244 0.684567 1
-0.366547 0.459802 1
-0.011838 -0.331623 4
-0.948555 0.045327 4
-0.442659 -0.155190 1
-0.449132 -0.683179 1
-0.659779 0.579187 2
-0.620390 -0.914862 2
0.521455 0.946423 1
-0.526219 -0.065487 2
0.840675 0.260390 1
0.197445 -0.140966 3
-0.265302 0.413931 1
0.324591 -0.670044 2
-0.002822 -0.083183 4
-0.997321 0.837935 4
-0.398616 -0.363869 1
0.297736 0.589546 2
0.304508 0.349181 2
-0.365127 0.861849 1
-0.806009 0.185741 2
-0.821330 -0.465788 2
-0.235073 -0.441720 1
-0.380649 -0.713618 1
-0.495297 0.093132 1
0.220895 -0.654622 2
-0.646478 -0.581660 2
0.204412 0.088220 3
0.832271 -0.470997 1
0.418176 -0.170550 2
0.445820 0.420855 2
-0.332616 -0.952796 4
-0.943014 0.965120 4
0.636750 0.361493 1
0.314302 -0.728377 2
0.223342 0.508293 2
0.457363 0.402012 2
-0.957495 -0.777709 4
0.960291 -0.338144 3
-0.491328 -0.535005 1
0.754988 0.729567 1
-0.189628 -0.891490 4
-0.852093 -0.985216 4
0.196730 0.980179 3
-0.456213 -0.385094 1
-0.190372 0.989607 4
-0.964240 0.477012 4
-0.963189 -0.907254 4
0.442133 0.673561 2
0.454239 -0.243566 2
0.945183 -0.322419 3
-0.735273 0.402547 2
-0.920407 -0.692768 4
0.624838 -0.960116 3
-0.030912 -0.866490 4
-0.495121 -0.275924 1
0.863077 0.315251 1
-0.167414 -0.989015 4
0.330035 -0.970684 3
0.991163 0.873822 3
-0.355778 -0.199209 1
0.863429 -0.320018 1
-0.722196 0.900239 4
-0.227272 0.719937 1
0.573800 -0.773032 1
-0.523629 0.518984 2
-0.095451 -0.258902 4
-0.078469 -0.015858 4
0.048331 -0.453632 3
0.024026 -0.982581 3
-0.320122 0.528905 1
-0.258504 -0.457045 1
-0.155844 0.574082 1
-0.446060 -0.825808 1
0.603398 -0.454897 1
-0.951986 -0.752380 4
0.345895 0.911443 2
-0.072398 0.623698 1
0.811682 0.700330 1
0.343635 0.385482 2
0.927298 0.820006 3
-0.095534 -0.168153 4
-0.438895 0.825996 1
0.815989 0.609436 1
-0.627636 -0.159985 2
0.626855 0.052243 3
-0.631080 -0.631649 2
0.595198 0.213076 1
0.942432 -0.850862 3
0.387268 0.545830 2
-0.305759 0.435282 1
0.793450 -0.959865 3
0.346724 -0.278947 2
0.663834 0.158406 1
-0.578617 0.007469 4
-0.456112 -0.651319 1
-0.172525 0.448354 1
0.180528 0.388580 2
0.274351 -0.003483 3
-0.001984 0.646715 4
0.836531 -0.375129 1
-0.301042 -0.794549 1
-0.006779 -0.705844 4
0.418527 -0.064346 2
-0.556707 -0.194205 2
-0.518516 0.137534 2
-0.758923 -0.725065 2
0.177670 0.587801 2
-0.004013 -0.158496 4
-0.253793 0.417370 1
0.848973 0.290096 1
0.766052 -0.323552 1
-0.261550 -0.053421 4
-0.934972 -0.987200 4
0.943096 0.063044 3
0.659515 0.779627 1
0.687915 -0.641527 1
0.985078 -0.318864 3
-0.347371 0.403606 1
0.616790 0.095922 1
-0.790599 -0.901725 4
-0.766544 -0.549522 2
-0.626790 0.411126 2
-0.961721 0.369197 4
-0.747371 -0.215514 2
-0.213432 -0.898398 4
-0.925419 -0.447381 2
-0.221950 -0.186969 1
0.499199 -0.156922 2
-0.174169 0.442295 1
0.906122 -0.514653 1
0.221922 0.594037 2
-0.156180 0.207000 4
-0.724826 0.496449 2
-0.389394 0.891964 1
-0.407630 -0.179993 1
0.990239 -0.174173 3
0.270485 -0.636551 2
-0.763048 0.308763 2
0.732646 -0.510418 1
-0.906751 -0.480787 2
-0.408816 -0.832170 1
0.071833 0.369234 3
-0.019138 -0.428969 4
-0.787688 0.806693 2
-0.986674 -0.881565 4
-0.707960 0.235248 2
0.712472 0.135860 1
-0.557752 0.987646 4
-0.367692 0.052854 4
0.879610 0.224679 3
0.872861 0.869849 3
-0.949495 0.143345 4
-0.766702 -0.712542 2
-0.547891 0.965943 4
-0.222961 -0.454642 1
-0.514843 0.368223 2
-0.286811 0.556989 1
-0.262543 0.694050 1
-0.871980 -0.050231 4
0.500743 -0.858654 1
0.068204 0.792783 3
0.376594 -0.219324 2
-0.071357 0.818841 4
-0.231678 0.560951 1
-0.128305 -0.352068 1
-0.214371 -0.255444 1
-0.482219 -0.163865 1
0.887901 -0.248922 3
0.123592 -0.659990 2
-0.282978 0.900632 4
-0.114632 0.202179 4
0.268855 0.598556 2
-0.240832 -0.993688 4
0.292606 -0.112812 2
-0.043919 -0.206651 4
0.028534 -0.975714 3
-0.413868 -0.594872 1
-0.195038 0.514775 1
-0.776031 0.573284 2
0.075725 0.095664 3
-0.778784 0.861355 4
0.840220 -0.261003 1
-0.302510 0.728121 1
0.490075 0.821082 2
-0.931869 -0.792903 4
0.721713 -0.046501 3
0.409275 -0.009432 3
-0.447945 -0.831557 1
-0.003120 0.844661 4
0.055631 0.952962 3
-0.361989 -0.915834 1
0.977247 0.224143 3
-0.510706 -0.217791 2
-0.261083 -0.286737 1
-0.644507 0.814643 2
0.808927 -0.423292 1
0.675998 0.649147 1
0.315705 -0.626513 2
0.377268 -0.194220 2
-0.805431 0.445399 2
0.012877 0.916282 3
-0.601103 -0.577848 2
-0.093149 -0.049048 4
-0.409405 0.903731 1
-0.204386 0.646227 1
0.856692 0.433624 1
0.730393 0.833940 1
-0.342233 -0.780313 1
-0.383851 0.396684 1
-0.067050 -0.028359 4
0.211327 -0.258123 2
0.548350 -0.112675 1
-0.608976 -0.135946 2
0.260812 0.768292 2
0.669834 0.455380 1
0.213691 -0.317289 2
0.371663 0.612588 2
0.104863 -0.721487 3
-0.436460 0.695459 1
-0.817756 0.359153 2
0.341686 -0.961064 3
-0.207222 0.072078 4
0.872876 0.450545 1
0.291765 -0.510975 2
-0.152771 -0.775286 1
0.460666 -0.941444 2
-0.033409 0.009015 4
-0.054120 0.357615 4
0.873070 -0.793308 3
0.125907 0.542904 2
0.662072 -0.660402 1
-0.774385 0.033735 4
0.952186 0.330479 3
0.312248 -0.484274 2
0.025937 0.494492 3
0.874879 -0.632377 1
0.533429 -0.332343 1
0.439701 0.406305 2
-0.881799 -0.268534 2
0.895330 -0.034570 3
-0.043819 0.355995 4
0.023986 0.922772 3
-0.634989 0.969866 4
0.280387 -0.761919 2
-0.823442 -0.593706 2
0.780985 0.838631 1
-0.254108 -0.993399 4
-0.127634 -0.301922 1
0.337080 -0.815386 2
0.213803 -0.636983 2
0.679106 0.088682 3
-0.269360 0.212535 1
0.756339 -0.829659 1
-0.381160 0.874540 1
-0.098193 -0.485831 1
-0.160030 0.857988 4
0.870165 0.863956 3
0.780760 -0.764824 1
0.833823 0.061147 3
-0.526744 -0.989619 4
0.467442 -0.745758 2
0.849011 -0.786666 3
-0.739158 -0.278623 2
-0.088589 0.597922 1
-0.094009 -0.874785 4
0.960939 -0.414903 3
0.213897 -0.308421 2
0.797632 -0.029764 3
-0.138080 -0.583529 1
-0.155224 0.763728 1
-0.069359 0.684747 4
0.621716 -0.199195 1
0.548703 0.402476 1
0.035981 0.382526 3
-0.536377 0.509237 2
0.392907 0.931064 2
0.763479 0.241918 1
-0.855602 -0.975679 4
0.963295 0.055810 3
0.622243 -0.130714 1
0.181024 0.583182 2
0.454383 -0.605079 2
-0.725239 0.252014 2
0.365157 0.136681 2
0.668486 -0.790067 1
-0.099591 -0.400874 1
0.894680 -0.477875 1
0.399932 0.443383 2
0.924600 -0.564088 1
-0.174092 -0.611777 1
0.945150 -0.781185 3
-0.680712 0.708629 2
0.460733 -0.536314 2
0.732950 0.424028 1
0.519496 0.355193 1
-0.706686 -0.299480 2
-0.061625 0.747697 4
0.095441 0.213137 3
-0.000289 -0.539402 4
-0.650182 -0.331803 2
-0.329468 0.250227 1
0.267323 -0.434789 2
0.772351 -0.332745 1
-0.991406 0.696952 4
0.103167 -0.165497 3
-0.914825 0.048317 4
0.053318 -0.595537 3
-0.243055 -0.485949 1
-0.131851 -0.510105 1
0.938079 -0.612355 3
0.845088 -0.768607 1
0.088165 -0.216536 3
0.979089 -0.816394 3
0.996600 -0.021200 3
-0.355796 -0.653582 1
0.646997 0.314736 1
0.596645 -0.085680 1
0.879947 0.368996 1
0.581574 0.888542 1
0.065948 -0.315259 3
-0.276956 0.151124 1
0.733058 0.776362 1
0.555587 -0.509997 1
-0.709587 -0.576264 2
-0.020102 -0.771508 4
-0.188620 -0.175014 4
-0.540115 0.899545 2
0.608450 -0.561026 1
-0.916849 0.605050 2
0.417775 -0.272645 2
0.951469 0.064772 3
-0.957909 0.548113 4
0.979091 0.922038 3
-0.082890 0.560666 1
0.810580 0.983058 3
-0.754593 -0.466376 2
0.134182 0.978465 3
-0.690014 -0.310232 2
-0.531532 -0.399601 2
0.113504 0.448366 2
-0.171109 0.924885 4
-0.726647 0.288776 2
0.824430 0.881803 3
0.727750 0.907581 3
0.486853 0.145525 2
-0.365064 0.438322 1
-0.789704 -0.322973 2
-0.013565 -0.810612 4
-0.400935 0.903545 1
0.750053 -0.590355 1
0.886603 0.995461 3
-0.056731 0.020785 4
0.973926 0.253255 3
0.710553 -0.557606 1
0.853654 -0.175943 3
0.890760 -0.317455 1
-0.251058 -0.835887 1
0.971321 -0.426628 3
-0.954084 0.699071 4
-0.519048 0.532769 2
-0.155404 0.115888 4
-0.028909 0.054892 4
0.792915 0.957526 3
0.244280 -0.608020 2
0.861071 -0.005667 3
-0.198375 0.747674 1
-0.010206 0.744894 4
-0.231541 -0.036280 4
-0.001852 -0.520987 4
0.406114 -0.148198 2
0.303070 0.296874 2
0.534347 -0.947988 3
0.460987 0.505668 2
-0.374616 0.506903 1
0.204738 0.106336 3
0.039672 -0.950666 3
-0.777776 -0.989237 4
0.104226 -0.984860 3
0.968289 -0.651494 3
-0.592880 0.829360 2
0.342840 0.208745 2
0.577034 -0.667366 1
-0.046362 -0.654506 4
0.296353 0.951787 3
-0.175494 -0.297533 1
-0.196411 -0.872423 4
0.999341 -0.662064 3
-0.820411 0.460328 2
0.843603 -0.195028 3
-0.032770 0.048342 4
0.911308 -0.993098 3
0.097676 -0.866467 3
-0.982336 -0.798097 4
-0.851328 0.985953 4
-0.449591 -0.444208 1
0.815313 0.893249 3
0.764537 0.392348 1
-0.774118 -0.281825 2
0.737841 0.522236 1
-0.330038 -0.437652 1
-0.775297 0.473551 2
-0.310076 -0.775956 1
0.811487 -0.130487 3
0.684371 0.655090 1
0.674485 -0.348399 1
-0.296568 0.585794 1
-0.341497 0.801108 1
0.719326 -0.323832 1
-0.996989 0.867999 4
-0.337879 -0.446580 1
-0.576209 -0.522566 2
-0.553332 -0.811672 2
0.869782 -0.327450 1
-0.093497 0.607623 1
-0.805214 0.576465 2
-0.830029 -0.580511 2
0.050016 -0.140105 3
-0.356468 -0.138497 1
0.729408 -0.672097 1
-0.483407 0.403893 1
-0.020495 0.220025 4
-0.010313 0.638008 4
0.021133 -0.290987 3
-0.685824 0.024144 4
-0.422988 -0.023704 4
0.577564 0.000802 3
0.453731 -0.975768 3
0.189130 0.323512 2
-0.303218 -0.904367 4
-0.068865 -0.108432 4
0.672097 0.101106 1
0.311057 -0.277887 2
0.961001 0.954589 3
0.583616 0.690409 1
-0.717508 -0.899791 4
0.094303 0.261997 3
0.320234 -0.916011 3
-0.099995 -0.658633 1
-0.206998 0.214180 1
0.365511 0.370014 2
-0.809523 -0.056925 4
-0.629184 0.644207 2
-0.032693 0.559946 4
-0.032280 0.664089 4
0.655578 0.898855 1
-0.444343 0.327676 1
-0.000039 0.866713 4
-0.950211 -0.039037 4
0.821302 0.633405 1
-0.348628 -0.896205 1
0.733613 0.745675 1
0.365792 0.053847 3
0.829664 -0.734203 1
0.395215 -0.377334 2
0.479977 -0.239274 2
0.992680 0.670454 3
0.703801 -0.636504 1
0.314661 -0.328892 2
0.923442 -0.717619 3
-0.664804 0.579021 2
-0.818764 -0.109147 4
-0.093304 0.181198 4
-0.242434 -0.043515 4
-0.857840 -0.421131 2
-0.410110 -0.206467 1
-0.317336 -0.676497 1
-0.460793 -0.951545 4
0.377351 -0.631129 2
-0.685748 -0.227435 2
-0.008462 0.794229 4
0.533291 -0.015782 3
0.464683 0.237092 2
0.347714 -0.220655 2
0.908200 0.271157 3
0.061726 -0.756604 3
-0.149823 0.242962 1
0.134249 0.756873 2
-0.575840 0.891815 2
-0.286642 -0.433680 1
-0.529316 0.303248 2
0.359853 0.153348 2
0.626752 0.899060 1
0.201803 0.004102 3
-0.732068 0.516055 2
0.776668 0.259470 1
0.310284 0.309959 2
-0.756312 -0.225033 2
-0.452949 0.591402 1
0.554312 -0.544749 1
-0.137441 -0.383963 1
-0.301353 0.712736 1
0.859000 0.832896 3
0.469609 -0.716841 2
0.724711 -0.817033 1
-0.150520 -0.804605 4
0.486216 -0.790667 2
0.348743 0.112967 2
-0.891607 -0.449454 2
-0.882930 -0.623675 2
-0.933399 0.893737 4
0.635794 0.376885 1
0.203696 0.879482 3
-0.848148 0.750748 2
0.470884 0.706164 2
-0.794001 -0.666557 2
-0.677799 -0.095354 2
-0.953822 -0.818799 4
-0.262458 0.515787 1
-0.535640 -0.537747 2
0.698755 0.313840 1
-0.342352 0.184970 1
0.523173 -0.993609 3
-0.702062 0.631566 2
-0.443063 -0.584993 1
-0.992109 -0.376462 4
-0.691255 0.643685 2
-0.999577 0.512441 4
0.523167 -0.847724 1
0.263189 -0.005949 3
0.858440 0.469188 1
0.327493 -0.819359 2
-0.626167 0.373672 2
-0.638158 0.111375 2
-0.110541 -0.173797 4
0.573628 -0.411787 1
-0.859957 -0.768724 4
0.773183 0.663216 1
-0.762332 -0.928879 4
0.294782 -0.205395 2
-0.513872 0.302672 2
0.418143 -0.205127 2
-0.053643 0.418567 4
-0.692686 -0.530476 2
0.570842 0.570503 1
0.463575 0.429282 2
0.039691 -0.208931 3
0.609924 0.413524 1
-0.835260 0.971766 4
-0.475101 0.054199 1
-0.202031 -0.901473 4
0.642412 -0.061988 3
-0.670197 0.415595 2
-0.398772 -0.432529 1
0.486716 0.896010 2
0.362076 0.972844 3
0.198682 -0.219781 2
-0.232282 -0.854960 1
-0.801214 0.075032 4
-0.385436 0.769628 1
-0.354465 -0.921861 1
0.198910 0.685226 2
-0.130792 -0.191166 4
0.098750 0.033948 3
-0.219400 0.623649 1
-0.911854 0.578569 2
0.722176 0.730558 1
-0.483418 -0.948020 4
0.146153 0.117810 3
-0.380549 -0.367131 1
0.013820 0.981527 3
-0.394286 -0.787498 1
-0.238254 0.373431 1
-0.642458 -0.039469 4
-0.551537 -0.027894 4
-0.269841 0.093999 4
0.050245 0.929070 3
-0.220775 0.919453 4
-0.262096 0.877975 1
-0.046600 0.518504 4
0.501624 0.041547 3
0.097074 0.223801 3
-0.227895 0.613655 1
0.275781 0.918258 3
-0.268535 0.895232 4
-0.448873 0.745285 1
0.876759 0.156841 3
0.957788 -0.361496 3
-0.469728 -0.684670 1
0.599036 -0.021264 3
0.287436 -0.670805 2
-0.927266 -0.662319 4
-0.741735 -0.148041 2
-0.742866 -0.003831 4
-0.270066 0.210534 1
-0.485327 -0.768442 1
-0.747919 0.611746 2
0.455359 0.024185 3
0.225402 -0.268860 2
-0.057557 0.956867 4
-0.373628 0.493570 1
0.702152 -0.496870 1
-0.349589 0.659939 1
0.141634 0.180683 3
0.975269 -0.259330 3
-0.840581 0.262705 2
0.069865 -0.767847 3
0.600386 0.328130 1
0.084112 0.857520 3
-0.675702 0.814046 2
0.068054 -0.161029 3
-0.954395 0.320135 4
-0.549282 0.500964 2
-0.655680 0.676119 2
-0.767896 0.286764 2
0.632986 -0.141525 1
-0.219666 0.335138 1
0.361605 0.430745 2
-0.004923 -0.496760 4
-0.388571 -0.029654 4
0.243910 -0.229152 2
-0.766949 -0.686225 2
0.003001 0.833438 3
0.641905 -0.912887 1
0.690958 0.966203 3
0.901159 -0.240988 3
-0.194826 0.946764 4
-0.920853 0.255892 4
0.447728 -0.576533 2
-0.067989 0.679831 4
0.710231 -0.435003 1
-0.461694 -0.509435 1
0.900134 0.899912 3
0.921310 -0.104789 3
-0.596849 -0.467261 2
0.865558 0.647061 1
0.303587 -0.901391 2
0.960836 -0.693412 3
0.932047 0.602741 1
-0.606299 0.623004 2
0.568944 -0.705140 1
-0.617984 -0.625882 2
-0.758376 -0.538837 2
0.630010 0.689351 1
-0.115370 -0.437979 1
0.369183 -0.405139 2
0.127018 0.907489 3
0.085426 0.027152 3
0.807401 0.006737 3
0.922364 -0.789448 3
0.539476 0.787921 1
0.857614 -0.156938 3
0.886530 0.818450 3
0.149650 0.818577 3
0.421190 0.543350 2
0.441582 -0.009866 3
0.838210 0.823598 3
0.364252 -0.920166 2
-0.715239 -0.005738 4
0.769185 0.169391 1
0.556283 0.138368 1
0.764252 -0.316699 1
0.045857 -0.150322 3
0.710453 -0.146742 1
0.856414 0.632816 1
0.063811 0.395890 3
0.420738 -0.078576 2
-0.761048 0.307268 2
-0.260126 0.388602 1
0.125845 -0.838936 3
-0.068048 -0.432573 1
0.151198 -0.229837 2
-0.608976 -0.484550 2
-0.150003 -0.324215 1
0.509712 -0.380818 1
0.845175 0.065994 3
0.757550 0.609427 1
0.749295 -0.196592 1
-0.540895 0.459748 2
0.656666 -0.684481 1
0.092564 -0.279523 3
0.711409 -0.486698 1
0.641901 0.950361 3
0.820570 -0.618225 1
0.338963 -0.053585 3
-0.457161 -0.729085 1
0.513841 0.694037 1
0.041078 0.904866 3
-0.790513 0.891074 4
-0.419349 0.719198 1
-0.489744 -0.574174 1
-0.214807 -0.732193 1
-0.964747 -0.465512 4
0.071214 -0.505643 2
0.994235 -0.272120 3
-0.190124 0.086799 4
0.448357 -0.478715 2
0.600101 0.090258 1
-0.528355 0.420671 2
0.472033 0.810608 2
-0.632915 -0.985128 4
-0.918477 0.880927 4
0.708908 0.122601 1
0.785793 0.918395 3
0.013675 -0.633557 3
0.637593 0.523932 1
-0.207731 -0.577214 1
0.791738 -0.172478 1
-0.042727 -0.137047 4
0.321879 -0.048491 3
0.590833 -0.868244 1
-0.961692 0.039190 4
-0.346960 0.638409 1
-0.870552 0.124686 4
0.059080 0.601480 3
-0.064706 0.426165 1
0.616352 0.016817 3
0.307092 0.325260 2
-0.860582 0.092885 4
0.243655 0.153093 2
0.459328 -0.118752 2
-0.322975 -0.748403 1
0.304034 -0.531237 2
0.079119 -0.738693 3
0.331716 -0.599002 2
0.212816 -0.077451 3
-0.467246 0.251124 1
0.961739 0.185794 3
-0.110467 -0.908814 4
-0.689520 0.948613 4
0.692666 0.245774 1
0.374779 0.309018 2
-0.737409 -0.318129 2
-0.365722 -0.597991 1
0.774756 0.877933 3
0.555102 0.234084 1
-0.240818 -0.767873 1
0.485681 -0.936784 2
-0.299110 -0.435200 1
-0.675477 -0.967394 4
-0.034202 0.537339 4
-0.044846 0.498552 4
-0.211537 -0.083107 4
-0.315654 0.677996 1
0.008079 -0.005174 3
0.626610 -0.299255 1
-0.759400 0.001388 4
-0.990237 -0.496809 4
0.683260 -0.355958 1
-0.094800 0.458016 1
-0.478025 -0.539699 1
-0.307900 0.281157 1
-0.307572 -0.822220 1
0.344372 0.393318 2
-0.257420 0.668895 1
0.425924 0.708378 2
0.206234 -0.618922 2
0.206930 0.994697 3
0.297971 0.891276 2
0.672693 -0.693950 1
-0.113898 0.299303 1
0.006795 0.126702 3
-0.699309 0.016558 4
0.629892 0.983951 3
0.660600 -0.464908 1
0.441966 -0.817425 2
-0.004607 -0.865934 4
0.463732 0.687821 2
-0.688154 -0.191896 2
0.081139 0.054427 3
-0.523000 -0.492937 2
-0.237195 0.683234 1
-0.111859 0.969735 4
0.677931 -0.813889 1
0.861011 0.350624 1
-0.507839 -0.252887 2
-0.350073 0.498956 1
0.873815 -0.049382 3
-0.484486 0.503707 1
-0.065431 -0.823886 4
-0.961201 -0.623465 4
-0.641311 0.034192 4
-0.489399 0.822421 1
-0.277987 -0.177552 1
-0.369475 0.803153 1
0.876874 0.107525 3
-0.689784 -0.360321 2
-0.209241 0.198356 1
-0.390586 -0.531310 1
0.384467 -0.529574 2
0.819314 0.876628 3
0.217539 -0.530759 2
0.375584 0.091353 2
0.419859 0.891098 2
-0.404940 -0.645572 1
-0.932789 -0.366141 4
-0.269037 -0.574100 1
0.668051 0.241565 1
-0.751679 -0.609936 2
-0.935988 -0.121154 4
-0.806783 0.940887 4
0.986371 -0.496568 3
-0.419434 -0.222870 1
0.701789 0.189981 1
0.245820 0.086256 3
0.660406 0.065133 3
-0.037116 -0.122055 4
0.534374 -0.661532 1
0.969298 -0.045767 3
-0.770434 -0.435641 2
0.308660 -0.703223 2
0.198217 -0.960376 3
-0.277322 -0.133732 1
0.281188 -0.029001 3
0.256333 0.345201 2
0.849845 0.449549 1
0.286088 0.836216 2
0.952982 0.866654 3
-0.386654 0.654770 1
0.056634 0.859166 3
-0.258974 -0.282959 1
-0.075701 0.703911 4
0.594986 -0.541327 1
-0.957621 0.564284 4
0.412905 -0.728055 2
-0.871357 -0.278434 2
-0.431278 0.326860 1
-0.238811 0.291400 1
-0.806872 -0.957622 4
-0.737601 0.449461 2
0.387578 -0.887756 2
-0.100990 -0.326334 1
0.948460 -0.148008 3
-0.459680 -0.438194 1
-0.493237 0.596954 1
-0.579028 0.247789 2
-0.686005 0.345271 2
-0.048300 0.908981 4
0.803944 -0.005921 3
0.473265 0.216850 2
0.266024 0.601907 2
0.938415 0.834746 3
-0.071233 -0.300395 4
0.126146 0.121896 3
-0.258017 0.388545 1
-0.428643 -0.870439 1
0.500789 0.470367 1
-0.196773 0.449249 1
-0.677640 0.343547 2
-0.988945 -0.170878 4
-0.059499 -0.567972 1
-0.923089 0.254496 4
0.777299 0.028611 3
0.163477 0.581243 2
-0.977311 -0.363258 4
-0.201907 0.288713 1
-0.761351 -0.263492 2
0.123459 0.167417 3
0.436113 -0.750394 2
-0.710687 -0.821904 2
0.638151 -0.139331 1
-0.692343 0.138940 2
-0.668963 0.110883 2
-0.411811 -0.346604 1
-0.545570 -0.400755 2
0.482518 0.394931 2
0.031272 0.559429 3
-0.350573 -0.191429 1
-0.411960 0.812904 1
-0.610186 -0.389271 2
-0.550354 0.187907 2
0.899443 -0.311705 1
0.924415 0.022902 3
0.855711 0.360528 1
0.272508 -0.854976 2
0.538624 -0.089341 1
0.005693 0.846280 3
-0.950401 0.336730 4
-0.042836 -0.362211 4
0.990126 0.411594 3
0.237033 0.472645 2
-0.193475 -0.731694 1
0.032074 0.455952 3
0.076877 0.620114 2
0.268856 0.466691 2
-0.769157 0.718502 2
-0.345402 -0.869714 1
-0.593203 -0.420986 2
0.153188 -0.737492 2
0.939542 -0.574304 1
-0.592468 0.478166 2
0.336355 0.413225 2
0.324446 0.385954 2
-0.250045 -0.718390 1
-0.976257 -0.259918 4
0.693204 0.260776 1
-0.787274 -0.500270 2
0.529082 0.244800 1
0.955682 -0.394041 3
-0.135086 0.224538 4
-0.927350 0.095757 4
-0.056960 -0.272752 4
0.226043 0.349837 2
0.306262 -0.620769 2
0.612345 0.245804 1
-0.195074 -0.980123 4
-0.276030 -0.858719 1
0.433103 -0.951584 3
0.527235 -0.816942 1
-0.669973 0.550978 2
-0.076860 -0.976769 4
-0.188246 0.135866 4
-0.477040 -0.659165 1
-0.619334 -0.521358 2
-0.053206 0.245579 4
0.703180 0.019444 3
-0.658664 -0.353779 2
0.746692 0.567379 1
0.996058 0.052954 3
0.946610 0.608403 3
-0.701242 -0.248464 2
0.628280 0.022727 3
-0.107183 0.061382 4
0.071144 -0.579948 2
0.244440 0.401170 2
0.971030 -0.832420 3
0.424401 -0.217216 2
0.303445 0.947362 3
0.123619 0.684111 2
-0.573996 -0.929587 2
-0.070309 -0.870816 4
0.089857 0.271027 3
-0.224595 -0.163452 1
-0.161594 -0.228537 1
0.889502 -0.214984 3
-0.620135 -0.811740 2
0.536552 -0.991855 3
0.210987 -0.570630 2
0.069527 -0.717869 3
-0.150578 -0.686032 1
0.683301 -0.179548 1
-0.518453 0.107702 2
0.603236 0.784993 1
0.055064 -0.273145 3
0.469104 0.481068 2
-0.202732 -0.601206 1
0.610252 0.887124 1
0.669821 -0.614343 1
-0.276327 -0.491773 1
0.157120 -0.386825 2
0.293244 0.536985 2
-0.198565 -0.170204 1
0.545130 -0.987578 3
0.259166 -0.385343 2
-0.705447 -0.891412 2
-0.071375 0.977854 4
-0.070960 0.410172 1
0.085557 -0.467724 2
0.195165 -0.859379 3
0.259131 -0.335732 2
0.621689 -0.943601 3
0.063063 0.231941 3
0.943523 -0.267116 3
0.617598 -0.332804 1
0.241111 -0.225282 2
0.280371 -0.465645 2
-0.688297 -0.918194 4
0.364151 0.856833 2
-0.905773 -0.376683 2
-0.528510 -0.611220 2
-0.268096 0.400115 1
-0.633365 0.660944 2
-0.189713 0.452191 1
-0.806780 -0.994549 4
0.592812 0.452351 1
-0.330280 0.214500 1
0.508750 0.732783 1
-0.553559 0.452273 2
-0.534333 -0.935961 2
-0.880531 0.706778 2
-0.161243 0.399840 1
-0.758867 0.150460 2
0.481646 0.605284 2
0.007293 0.575873 3
-0.771399 0.478783 2
0.964653 -0.039495 3
-0.121102 -0.668712 1
-0.378551 0.689184 1
0.783479 -0.185330 1
0.694636 0.376291 1
-0.732979 -0.635644 2
-0.409209 0.775771 1
-0.902862 0.037232 4
0.228044 -0.437195 2
0.101272 0.347513 2
-0.730417 0.940029 4
-0.252647 -0.489284 1
0.090490 -0.771001 3
-0.884000 -0.902218 4
0.804872 -0.655400 1
0.576565 0.769525 1
0.305105 -0.544537 2
-0.899187 0.926555 4
-0.855353 0.884292 4
-0.258775 0.839283 1
0.260583 0.008245 3
-0.796361 0.851374 4
-0.215984 -0.699223 1
-0.111394 -0.987939 4
-0.136419 0.989878 4
0.359574 0.133164 2
0.929907 -0.893073 3
0.643880 0.020397 3
-0.664074 0.759880 2
0.118179 -0.859203 3
-0.895520 -0.305255 2
0.910322 0.409585 1
0.150208 -0.988865 3
0.336140 0.294855 2
0.895427 -0.922635 3
0.134138 0.156010 3
0.085610 0.337777 2
0.007384 0.869627 3
0.638554 0.895990 1
0.881687 -0.497865 1
0.885868 0.241261 3
0.635299 0.815776 1
0.348188 0.279179 2
-0.163827 0.684113 1
0.039059 0.954352 3
0.824911 0.143539 3
-0.350903 0.735233 1
-0.446876 0.799305 1
0.746368 0.889264 3
0.094160 0.641795 2
0.966629 -0.771702 3
-0.202195 0.052239 4
0.566075 0.805189 1
-0.078134 0.204629 4
0.701179 -0.196447 1
0.706764 0.587047 1
-0.955186 0.342063 4
0.402823 0.393002 2
-0.378757 -0.761005 1
0.077115 0.660301 3
-0.806653 -0.097974 4
-0.196160 -0.157556 4
-0.362742 0.356964 1
-0.358251 -0.616374 1
0.246229 0.735909 2
-0.974578 0.212858 4
0.964207 -0.176773 3
-0.734902 0.530282 2
-0.371584 0.186964 1
-0.265089 -0.670405 1
0.990517 -0.558325 3
0.916642 -0.964669 3
0.783739 0.319465 1
0.428332 -0.595018 2
0.558461 -0.494553 1
-0.934717 0.751808 4
0.407473 -0.130877 2
-0.405748 -0.955269 4
-0.773912 0.236001 2
-0.571642 0.472317 2
-0.028090 -0.546221 4
-0.314825 -0.063883 4
0.277006 -0.049728 3
-0.533600 0.905423 2
-0.862764 0.201311 4
-0.764982 -0.872248 4
0.642986 -0.848340 1
-0.836917 0.426725 2
0.471125 0.591415 2
0.831707 0.029586 3
-0.903138 0.896990 4
-0.218606 0.504335 1
-0.233887 0.375646 1
0.549066 -0.007799 3
-0.388353 0.977424 4
-0.535483 0.583557 2
-0.568797 0.149692 2
-0.480326 0.708210 1
-0.900036 -0.013926 4
0.613632 -0.762800 1
-0.812615 0.848650 4
-0.635047 0.830371 2
-0.999690 -0.471964 4
0.257096 0.471435 2
-0.880549 0.088803 4
-0.498979 -0.783687 1
-0.014208 0.282414 4
0.720648 0.751905 1
-0.341940 0.269715 1
-0.255894 0.269707 1
0.247138 0.208623 2
-0.146736 0.678342 1
-0.641685 0.372939 2
0.386551 -0.541720 2
-0.640988 0.000183 4
-0.304520 -0.453603 1
-0.151167 0.060433 4
-0.623232 -0.150857 2
0.588468 0.633864 1
-0.679422 0.707919 2
-0.277333 -0.178402 1
0.924232 0.708459 3
-0.895987 0.644881 2
0.460364 -0.237927 2
-0.085404 -0.795530 4
-0.968220 -0.838266 4
0.413094 -0.114956 2
0.840076 0.771409 1
-0.742017 0.226627 2
-0.770311 -0.383005 2
-0.773190 -0.074831 4
0.163392 0.075643 3
0.985601 0.540160 3
0.924786 0.574069 1
0.174024 -0.754636 2
0.281988 0.896691 3
0.066962 0.206221 3
0.605150 0.170974 1
-0.148898 0.065514 4
0.933047 0.765697 3
0.269984 0.964827 3
0.927431 -0.316922 3
-0.150129 0.767507 1
-0.545514 0.107854 2
-0.005866 -0.315825 4
0.724849 0.220944 1
0.609344 -0.111759 1
-0.703413 0.594945 2
-0.571598 -0.778627 2
0.169014 0.602426 2
-0.533263 -0.548997 2
0.499116 0.533699 2
0.657224 0.104266 1
-0.295327 -0.491675 1
-0.830220 -0.362280 2
-0.725977 0.439764 2
-0.397453 -0.798546 1
-0.877159 0.452418 2
0.968961 -0.422672 3
-0.439727 -0.036905 4
0.261503 -0.714878 2
-0.815961 -0.129153 4
0.173363 -0.519374 2
-0.534208 0.601765 2
-0.298001 0.634806 1
0.204191 0.168736 2
-0.914191 -0.296693 4
-0.297566 0.743032 1
0.807573 0.407107 1
-0.748642 0.977352 4
-0.955173 -0.474619 4
0.417116 -0.352626 2
-0.273165 0.539958 1
-0.900207 -0.304204 2
-0.882715 -0.339935 2
0.658891 0.378788 1
-0.054813 0.842930 4
-0.750365 -0.881449 4
-0.676444 -0.284573 2
0.720316 0.025556 3
-0.649767 -0.075494 4
-0.805708 -0.563958 2
0.627813 -0.103274 1
-0.820926 0.435386 2
-0.696167 -0.569568 2
0.412738 -0.651339 2
-0.044187 -0.170146 4
-0.003965 0.682648 4
-0.630188 0.095828 2
-0.621556 -0.512903 2
0.755893 -0.962665 3
0.865885 -0.298919 1
0.880266 -0.884479 3
-0.180369 -0.796178 1
-0.169052 -0.460053 1
0.229378 0.181181 2
0.464453 0.423669 2
0.617222 0.092266 1
-0.679605 0.796296 2
-0.472348 -0.375771 1
-0.773272 0.940390 4
-0.027111 0.182541 4
-0.229756 0.968924 4
-0.134811 0.140056 4
0.064752 0.243633 3
0.627152 -0.179354 1
0.280969 0.493038 2
0.521726 0.161235 1
0.608558 -0.658642 1
0.365057 -0.560494 2
-0.118695 -0.405565 1
0.620687 -0.654242 1
-0.981896 0.237909 4
0.438025 -0.661500 2
0.034205 0.965677 3
-0.037271 0.260934 4
0.906067 0.935618 3
-0.556525 -0.323689 2
0.904542 0.308664 3
0.816366 -0.030705 3
-0.447702 0.443519 1
0.789940 0.833267 1
-0.063443 0.311666 4
-0.005498 -0.454885 4
0.653024 -0.640441 1
-0.015379 -0.465671 4
-0.046007 -0.394692 4
-0.119913 -0.027902 4
0.843217 -0.681888 1
0.310598 -0.122578 2
-0.716211 -0.726674 2
-0.861645 -0.810145 4
-0.791056 -0.418170 2
-0.133834 -0.886514 4
0.890494 -0.317467 1
0.082781 -0.557208 2
-0.873949 -0.127279 4
-0.723941 0.062608 4
-0.815612 0.270560 2
0.607723 0.837412 1
0.630119 -0.407656 1
-0.628260 -0.415888 2
0.197652 0.251827 2
0.556210 0.040869 3
0.569939 -0.133192 1
0.918290 0.853728 3
0.140134 -0.943354 3
-0.956417 0.349078 4
-0.361524 -0.090251 1
0.462564 -0.471030 2
0.592282 -0.454655 1
-0.028238 0.718333 4
0.418067 0.247821 2
-0.219059 0.602454 1
-0.481618 -0.611335 1
0.439866 -0.851499 2
-0.018991 0.811606 4
-0.267387 -0.821339 1
0.063434 -0.711177 3
0.219530 -0.366627 2
0.155631 0.137820 3
-0.512899 -0.704235 2
0.194466 -0.469316 2
0.644843 0.832942 1
0.440433 0.107407 2
-0.638088 0.032714 4
0.652753 0.333674 1
-0.248952 0.070819 4
-0.418505 0.531989 1
-0.326726 0.099877 1
0.920653 -0.886860 3
0.248378 -0.098338 3
0.924746 0.980991 3
0.080323 -0.011820 3
-0.730186 -0.700147 2
0.621553 0.425445 1
0.437674 -0.891347 2
0.721210 -0.367861 1
-0.360663 0.366053 1
-0.534919 -0.920230 2
-0.526540 -0.173007 2
0.112484 -0.873788 3
-0.839333 0.863532 4
0.197032 -0.257838 2
0.395521 0.870305 2
0.842039 0.316174 1
0.983445 0.090417 3
-0.782164 0.908191 4
0.071407 0.298160 3
-0.103629 0.341221 1
0.598013 -0.482076 1
-0.233334 0.035687 4
-0.373423 -0.512124 1
0.667826 0.265914 1
0.853929 -0.867093 3
0.345684 -0.672612 2
-0.040101 -0.541832 4
-0.546399 0.120566 2
-0.678300 0.650632 2
0.862728 0.717220 1
0.520938 0.704767 1
0.033394 0.504383 3
-0.204817 0.251231 1
0.412574 0.866591 2
-0.450609 -0.691055 1
0.207812 -0.852596 3
-0.173131 0.974478 4
0.183091 0.453446 2
-0.537646 -0.149083 2
-0.280639 -0.683717 1
-0.016176 -0.934956 4
-0.356329 0.943723 4
-0.476787 0.097272 1
0.064289 -0.155088 3
-0.252095 -0.072983 4
-0.437867 -0.731158 1
-0.368217 0.595527 1
0.773225 0.426966 1
-0.153242 0.185799 4
0.293557 0.396149 2
0.494744 -0.498631 2
0.543552 -0.678387 1
-0.524153 -0.273357 2
0.775059 -0.061798 3
0.577560 -0.505580 1
0.254485 -0.438617 2
-0.440536 0.898156 1
-0.494894 0.082677 1
-0.004572 0.569395 4
0.927589 0.743333 3
-0.503588 -0.510278 2
-0.987825 0.128195 4
-0.914751 0.785400 4
-0.444839 -0.067993 1
-0.028800 0.848718 4
-0.671844 -0.534056 2
-0.649913 0.871708 2
-0.212443 -0.174066 1
-0.401649 -0.437384 1
0.764136 -0.824089 1
0.057036 0.018621 3
-0.262706 0.616501 1
-0.083223 0.242400 4
-0.300822 0.912205 4
-0.188205 -0.373233 1
0.655538 0.308207 1
0.116489 0.667713 2
-0.563599 0.201738 2
0.453113 -0.008438 3
-0.866255 -0.575687 2
-0.159719 -0.538099 1
-0.109743 0.190368 4
-0.666391 0.677814 2
-0.983698 -0.068040 4
-0.759570 0.780438 2
0.107870 0.297467 2
-0.200942 0.845164 4
-0.086032 0.715835 4
0.087565 0.613145 2
0.628040 0.899360 1
-0.760088 0.283577 2
0.207566 0.356401 2
-0.048710 0.643968 4
-0.441860 -0.595596 1
-0.364470 -0.308115 1
-0.171283 0.475811 1
0.153785 0.718974 2
-0.333822 0.487394 1
0.396788 -0.317520 2
-0.580647 0.637218 2
-0.537082 0.527224 2
-0.065315 0.261976 4
0.372388 0.848652 2
-0.022189 -0.540047 4
0.461797 -0.394150 2
-0.640688 0.701710 2
0.889428 0.566879 1
0.058111 -0.159282 3
0.210847 0.616251 2
0.245122 0.846377 2
-0.691864 -0.926161 4
0.322188 0.461921 2
0.792812 0.988366 3
-0.050685 0.189600 4
-0.329154 0.368668 1
-0.173182 0.133764 4
-0.104108 0.761502 4
-0.604260 -0.731720 2
0.610155 0.373551 1
-0.271767 0.071952 4
0.979401 0.087545 3
-0.226338 0.868829 4
-0.345576 0.831773 1
-0.290453 0.865271 1
0.448024 0.954669 3
0.711648 0.756160 1
-0.971492 0.033835 4
0.218081 0.821320 2
0.022201 -0.832605 3
0.010920 0.693047 3
0.536064 0.837738 1
-0.173189 -0.568044 1
0.599240 0.222551 1
-0.299764 0.209395 1
-0.403899 0.428468 1
-0.718653 -0.424498 2
-0.483986 0.055008 1
-0.555669 0.170438 2
-0.113218 0.153878 4
0.035709 -0.665194 3
0.108547 -0.252644 3
-0.909034 0.137055 4
0.781191 0.309046 1
-0.041625 -0.196608 4
0.476442 0.969295 3
-0.503560 0.012506 4
0.807032 0.323251 1
0.444461 0.406272 2
-0.454199 -0.855303 1
-0.384333 0.141903 1
0.573165 -0.102986 1
0.717405 -0.910821 3
0.952022 -0.838264 3
0.259617 -0.161196 2
0.315614 -0.704674 2
0.173610 -0.575839 2
0.042682 0.264575 3
0.561216 -0.176127 1
-0.426378 -0.480409 1
0.627266 -0.949936 3
-0.511115 -0.876295 2
0.062569 -0.704082 3
0.446956 -0.492970 2
0.702190 0.992757 3
-0.348273 -0.682143 1
0.134660 -0.775108 3
0.214871 -0.147935 3
-0.685929 0.166893 2
0.013801 0.573688 3
-0.994304 -0.670584 4
0.869014 0.179306 3
-0.246423 -0.088304 4
-0.556119 -0.685207 2
0.735569 0.017503 3
-0.165616 0.362835 1
0.067567 0.323269 3
0.486540 -0.869864 2
0.619187 -0.066504 3
-0.362833 0.321377 1
-0.073747 0.288894 4
0.639234 -0.939087 3
0.513786 -0.145895 1
-0.087022 0.827858 4
-0.979003 0.926779 4
0.401546 -0.973306 3
-0.743806 0.270560 2
0.205999 0.009771 3
-0.817744 0.649881 2
0.324565 0.917825 3
-0.332616 -0.841051 1
0.280660 0.734951 2
0.482218 -0.232800 2
0.865087 0.101405 3
0.700696 -0.497747 1
-0.577218 -0.373051 2
0.791147 -0.937984 3
-0.312138 0.304933 1
-0.083880 0.600839 1
0.132791 -0.062882 3
0.527618 -0.465663 1
-0.036189 0.783813 4
0.804897 -0.830189 3
-0.206416 0.987152 4
0.819691 -0.881851 3
0.904977 -0.512925 1
-0.722903 0.185637 2
-0.777974 0.759315 2
0.952837 -0.912887 3
-0.139280 0.653533 1
-0.410634 0.283502 1
-0.719518 -0.619487 2
0.345518 -0.031657 3
0.685446 -0.738362 1
-0.430818 -0.181763 1
0.198756 -0.903199 3
0.352574 -0.837433 2
0.880614 0.157471 3
-0.667622 -0.325802 2
0.144623 -0.847931 3
-0.207653 0.049601 4
-0.360855 0.069444 4
-0.764762 -0.138830 4
-0.171241 -0.811925 4
-0.051717 0.689480 4
0.841608 0.537649 1
-0.027018 -0.877911 4
0.918162 -0.681500 3
0.090432 0.603608 2
-0.419862 0.659615 1
-0.578154 0.778894 2
0.756416 0.774419 1
0.941462 0.637029 3
-0.068110 -0.726160 4
-0.688773 -0.923487 4
-0.574091 0.103573 2
0.126113 0.065054 3
-0.826983 0.361351 2
0.926224 0.001777 3
0.549426 -0.125493 1
-0.308744 0.391034 1
-0.587844 0.664238 2
0.513123 -0.669682 1
0.982738 -0.396444 3
0.933926 -0.437124 1
-0.736829 -0.644228 2
-0.658230 -0.980414 4
-0.869809 -0.716769 2
0.656615 0.062081 3
-0.442929 0.967842 4
0.138594 -0.017020 3
0.071416 -0.735292 3
-0.951966 0.244433 4
0.626059 0.974258 3
-0.753790 0.175485 2
-0.151235 -0.062534 4
-0.433480 0.260921 1
-0.398296 -0.920357 1
0.591239 -0.415558 1
-0.316801 0.525166 1
0.147317 -0.053631 3
0.880938 0.489087 1
-0.034044 -0.988871 4
0.772319 -0.377429 1
0.073211 -0.670610 3
-0.409587 -0.788195 1
0.312370 0.661829 2
-0.523487 0.360404 2
-0.093738 -0.897428 4
0.334662 0.152472 2
0.278058 -0.816573 2
-0.910062 0.844577 4
0.444349 -0.308358 2
0.924220 0.035588 3
0.276084 -0.392581 2
-0.439246 -0.576599 1
0.553788 -0.558309 1
0.912489 -0.480256 1
-0.547180 0.684807 2
0.142315 0.526031 2
-0.985803 0.732728 4
0.737836 0.326567 1
0.394557 -0.785651 2
-0.313030 -0.699181 1
-0.683079 -0.978368 4
0.453291 0.594979 2
-0.794940 0.543228 2
0.439556 0.649408 2
-0.765129 0.363776 2
-0.315004 0.510954 1
0.971195 0.245749 3
0.934356 0.524983 1
0.687441 0.846844 1
-0.955273 -0.859739 4
0.531651 0.187042 1
0.666292 0.545848 1
-0.080230 0.404129 1
-0.127585 -0.685674 1
0.618478 0.559385 1
-0.384855 0.935399 4
0.581017 -0.931564 1
0.530378 0.786077 1
0.611664 -0.030066 3
0.435485 0.846535 2
-0.666290 -0.879519 2
0.357489 -0.695095 2
0.366230 0.291845 2
0.829888 0.053671 3
0.138689 0.874615 3
0.193932 -0.329659 2
0.061657 -0.139775 3
-0.783811 0.981426 4
-0.735647 0.088604 4
-0.704247 0.882831 2
-0.352011 -0.089102 1
0.818230 -0.770994 1
-0.020666 0.348608 4
-0.984917 -0.409002 4
-0.681457 0.450568 2
-0.562467 -0.347747 2
0.571049 0.795022 1
-0.042842 -0.062721 4
0.086867 -0.212953 3
0.990951 -0.774444 3
-0.338338 0.184883 1
-0.104103 0.723318 4
-0.954892 0.112086 4
0.704745 -0.690539 1
-0.799310 -0.999503 4
-0.807707 -0.151322 4
-0.088605 -0.989477 4
0.077684 0.890729 3
0.359131 0.092767 2
-0.518273 0.677674 2
-0.456665 -0.080741 1
-0.670073 -0.885616 2
-0.285719 0.287085 1
0.051664 0.801148 3
-0.925869 0.042614 4
-0.973295 -0.264207 4
-0.772502 -0.077398 4
-0.540889 -0.727394 2
-0.965312 -0.836144 4
-0.417933 -0.764623 1
-0.835647 -0.225640 2
0.084055 0.075749 3
-0.215118 -0.838260 1
-0.033522 -0.855987 4
0.254507 0.448205 2
0.821687 0.797842 1
-0.632536 -0.848386 2
0.912226 0.081745 3
0.438698 -0.036110 3
-0.117106 0.512830 1
-0.993496 -0.090402 4
-0.751378 -0.765999 2
0.832200 -0.292266 1
-0.493393 0.866887 1
-0.128410 0.088674 4
-0.897735 0.035943 4
0.863033 0.186320 3
-0.888308 -0.352084 2
0.348060 0.078170 3
-0.208071 -0.397434 1
-0.473626 -0.386384 1
-0.599592 -0.106162 2
-0.234770 -0.687366 1
0.975584 -0.796072 3
0.276524 -0.141523 2
0.716757 0.283028 1
0.768075 0.965380 3
0.517029 0.600275 1
-0.326886 -0.976364 4
0.467162 0.544704 2
0.112310 0.569427 2
-0.419353 -0.024657 4
-0.244253 -0.307661 1
0.623259 -0.896193 1
0.770509 -0.584812 1
-0.293627 -0.703117 1
0.028804 0.106782 3
0.190722 0.794034 2
0.419416 0.166305 2
0.997962 -0.304061 3
-0.975217 0.714719 4
0.978967 0.792858 3
0.680099 0.495996 1
0.393133 -0.646787 2
0.519632 -0.139705 1
0.897916 -0.368058 1
-0.570278 -0.521437 2
0.607285 0.185470 1
0.170903 0.230544 2
0.289277 -0.058589 3
0.645733 0.995650 3
0.238295 -0.325463 2
0.102431 -0.570983 2
-0.531429 -0.478153 2
0.595322 -0.533467 1
0.217786 0.620105 2
-0.818748 0.196753 2
0.412963 0.861351 2
-0.307251 -0.193904 1
-0.785436 -0.787619 2
0.666391 -0.887520 1
-0.155677 -0.903886 4
-0.408956 -0.548392 1
0.281583 0.761946 2
0.682153 -0.429140 1
-0.296642 0.327885 1
-0.433490 0.941653 1
-0.997578 0.668941 4
-0.629331 -0.529007 2
-0.809212 0.965992 4
-0.062474 0.408575 1
0.586096 0.118778 1
-0.394672 -0.000941 4
-0.019871 0.298077 4
0.805155 0.194693 1
0.510458 0.471546 1
0.307174 -0.645219 2
0.567659 0.898218 1
-0.193611 -0.150758 4
0.660164 -0.511458 1
0.420102 -0.636478 2
0.816427 0.986612 3
-0.694825 0.818850 2
0.655553 -0.324156 1
-0.710157 0.846341 2
-0.358164 0.227369 1
0.254916 -0.772068 2
-0.653853 0.860244 2
0.226991 0.326276 2
0.158321 0.032146 3
-0.479030 -0.331221 1
-0.496308 0.828143 1
0.023561 -0.928649 3
0.726361 0.829950 1
-0.079407 0.386525 1
-0.681508 -0.659304 2
0.750047 -0.865080 1
-0.672692 -0.944778 4
0.953769 0.982861 3
-0.268934 -0.756388 1
0.829202 0.372902 1
0.470981 0.084119 2
0.600834 0.817128 1
-0.055637 -0.172174 4
0.143404 -0.897316 3
0.859971 0.664374 1
-0.228537 -0.636337 1
0.492517 0.795024 2
-0.564986 0.218878 2
0.624974 0.355607 1
-0.394597 0.943466 4
0.696303 -0.644550 1
-0.921615 -0.976389 4
-0.589328 -0.967845 4
-0.993529 0.141738 4
-0.724233 0.835674 2
-0.485359 0.746747 1
-0.080208 -0.884525 4
0.563876 0.864155 1
-0.056699 -0.292720 4
0.966839 -0.196728 3
-0.628346 -0.261698 2
0.166935 0.864171 3
-0.466675 0.601949 1
0.083049 -0.841701 3
-0.042444 0.688452 4
-0.898235 -0.346141 2
-0.956098 -0.819850 4
-0.322531 -0.545426 1
-0.787695 -0.316059 2
0.596312 -0.511929 1
-0.480385 -0.889047 1
-0.765181 0.439407 2
-0.773572 0.798694 2
0.303562 0.169729 2
-0.494026 0.270401 1
0.973001 -0.122372 3
-0.991298 0.139936 4
-0.258201 -0.457972 1
-0.258115 0.824848 1
-0.299673 0.699441 1
0.513300 -0.197909 1
-0.646700 0.557202 2
-0.017758 0.030769 4
-0.988224 0.194546 4
0.714710 0.608088 1
0.682618 -0.765675 1
0.719041 0.917436 3
0.673732 0.945469 3
0.716131 -0.022706 3
0.115198 -0.777895 3
-0.752306 0.088199 4
0.099733 -0.743603 3
-0.771865 0.841532 2
-0.201576 -0.029981 4
0.666380 0.498751 1
-0.330540 0.179679 1
-0.699158 0.022759 4
-0.263119 0.283084 1
-0.946472 -0.251343 4
-0.522369 0.768238 2
-0.643255 -0.839752 2
-0.997437 -0.924214 4
-0.922315 0.676294 4
-0.978744 0.793815 4
-0.346412 0.136454 1
-0.984080 -0.098717 4
-0.775347 0.115653 4
0.157679 -0.547213 2
-0.042815 0.956104 4
0.422806 -0.376436 2
0.454855 -0.907734 2
0.803244 0.755697 1
0.115025 -0.459875 2
0.038781 0.168554 3
0.288782 0.516412 2
-0.063208 0.645527 4
0.676660 -0.060646 3
0.721313 0.754345 1
-0.384351 0.742569 1
0.548160 0.269237 1
-0.120977 0.564080 1
-0.829481 0.103675 4
-0.320267 0.328199 1
0.556462 0.636918 1
0.284303 -0.020731 3
-0.739517 -0.260843 2
0.071535 -0.936274 3
-0.505145 -0.813440 2
-0.396149 0.533636 1
0.355114 0.892633 2
0.050048 -0.708095 3
0.538160 -0.273292 1
0.231259 0.259474 2
-0.518948 0.846908 2
0.002043 -0.970788 3
0.116145 0.881066 3
0.593292 0.286664 1
-0.015259 -0.726974 4
-0.385137 -0.458796 1
0.909944 0.899166 3
0.520472 -0.829573 1
-0.361677 -0.407993 1
-0.765847 0.133178 4
-0.221433 -0.161996 1
-0.333186 -0.866320 1
-0.269362 0.716862 1
-0.574415 -0.731202 2
-0.556431 0.656845 2
0.528271 -0.075379 1
0.503753 -0.469686 1
-0.046167 -0.380102 4
-0.588620 -0.452874 2
0.906562 0.396121 1
-0.179848 -0.478575 1
0.937324 -0.269905 3
-0.579409 0.457796 2
-0.099478 0.058914 4
-0.950197 0.134675 4
-0.807908 -0.171630 4
0.972679 -0.141094 3
-0.037950 -0.296683 4
-0.424232 0.387635 1
-0.027885 0.019337 4
0.044480 -0.499614 3
0.943959 -0.451767 1
0.030700 -0.102208 3
0.168131 0.442080 2
0.444918 0.074693 2
-0.161800 -0.734931 1
0.596118 -0.224475 1
-0.004835 -0.983291 4
-0.766679 0.895687 4
0.075624 -0.716876 3
0.030362 0.267716 3
0.111494 0.003041 3
-0.873378 -0.926456 4
0.706358 -0.297610 1
0.461179 -0.321527 2
0.721728 -0.494340 1
0.178859 0.665686 2
0.053893 -0.790441 3
-0.436522 -0.777977 1
0.651638 -0.991604 3
0.296716 -0.510161 2
-0.726535 -0.107166 4
0.265363 0.268630 2
-0.090457 0.498685 1
0.164317 0.985167 3
0.781809 -0.805321 1
0.252883 -0.106697 3
0.197720 0.379505 2
-0.033153 -0.095921 4
-0.918105 -0.571974 2
0.582552 0.803623 1
-0.066314 -0.238589 4
0.469309 0.987578 3
-0.029031 -0.967213 4
-0.790398 -0.377392 2
-0.958817 0.506318 4
0.112447 -0.685351 2
-0.600848 -0.622190 2
0.583279 0.308695 1
0.876495 -0.252404 3
0.293861 0.658304 2
-0.057725 -0.453256 1
-0.448394 -0.860004 1
0.926249 0.518453 1
0.044075 -0.991856 3
0.946480 -0.373374 3
0.811767 -0.119834 3
0.388037 0.281076 2
-0.132256 -0.640994 1
0.313863 0.077346 3
-0.018386 0.355047 4
-0.416337 -0.905939 1
0.669695 -0.017185 3
-0.528128 0.252975 2
-0.708490 -0.651634 2
-0.999429 0.585371 4
-0.993330 -0.057154 4
-0.867886 -0.441723 2
0.082842 -0.941637 3
-0.923270 -0.873083 4
-0.933493 -0.976790 4
-0.246457 0.878274 4
-0.096625 -0.858420 4
0.159350 0.771119 2
-0.499413 -0.526787 1
-0.151535 0.482201 1
0.828260 0.432128 1
0.576262 0.497955 1
-0.585057 -0.951866 4
-0.249070 -0.293547 1
-0.603500 -0.248499 2
-0.708176 -0.596829 2
0.694347 -0.576062 1
-0.038553 -0.222810 4
-0.517699 0.038177 4
-0.095893 -0.451192 1
0.061387 0.657650 3
-0.572918 0.964762 4
0.799230 0.586432 1
0.735881 -0.700183 1
-0.940355 -0.415654 4
0.782018 0.887905 3
-0.983525 0.358281 4
0.385860 -0.568582 2
0.406415 -0.863210 2
0.137871 0.802915 3
-0.111709 0.429695 1
-0.793914 -0.417362 2
0.853633 0.167533 3
0.359828 -0.664066 2
-0.794290 -0.736066 2
-0.115258 0.267097 4
0.921584 0.311824 3
0.231859 0.720815 2
-0.101745 -0.032259 4
-0.979368 -0.042100 4
0.552087 0.802650 1
-0.154195 0.568562 1
0.160931 -0.768336 2
0.999980 -0.432654 3
-0.631546 0.137850 2
-0.629739 0.256745 2
-0.432455 -0.423653 1
0.839383 -0.578822 1
0.743880 0.199211 1
-0.242889 0.949590 4
0.463146 0.641853 2
0.216687 0.384730 2
-0.046323 -0.551454 4
0.105545 0.851932 3
0.416287 0.126177 2
-0.190168 -0.031626 4
-0.071173 0.655636 4
-0.463065 -0.910242 1
0.887301 -0.463085 1
-0.342896 -0.744245 1
0.674765 0.027365 3
0.512500 -0.757690 1
0.603712 0.351883 1
-0.336512 0.347592 1
-0.448906 0.420599 1
0.297182 -0.985760 3
0.062453 -0.486131 2
0.398970 -0.983871 3
-0.037585 -0.495485 4
0.868061 -0.621298 1
0.630692 -0.322107 1
0.347076 -0.440481 2
-0.666471 0.884011 2
-0.350723 -0.779170 1
-0.579074 0.306380 2
-0.523415 -0.904309 2
-0.666255 0.989085 4
-0.661999 0.937457 4
0.340968 0.001489 3
0.285049 0.892063 2
-0.577911 -0.417770 2
0.906303 0.484541 1
0.096099 0.305273 3
0.500671 -0.941486 1
0.809787 0.368732 1
-0.562784 0.440479 2
-0.953375 0.784292 4
0.999998 -0.619846 3
0.668302 -0.350726 1
-0.399016 -0.910772 1
0.955655 0.077569 3
-0.815081 -0.710600 2
0.066653 -0.477080 2
-0.773143 -0.592378 2
0.524410 0.511906 1
-0.700316 0.946498 4
-0.905864 -0.794013 4
0.431040 0.190235 2
0.511260 -0.068290 1
0.248749 0.321047 2
-0.699558 0.685965 2
-0.238474 -0.652933 1
0.470257 -0.238476 2
-0.272779 0.138559 1
0.410798 0.328205 2
0.227787 0.366453 2
-0.594227 0.412706 2
0.655853 0.472427 1
0.935627 0.882710 3
0.880048 0.460036 1
0.394615 -0.820267 2
0.406535 0.488751 2
-0.614280 -0.162425 2
-0.321014 0.896980 1
0.769285 0.927735 3
0.218027 -0.930273 3
0.613701 0.979553 3
-0.583205 0.083958 2
-0.258923 0.144016 1
-0.777483 -0.848125 2
-0.527780 0.450304 2
0.518328 -0.122006 1
-0.136989 0.174181 4
-0.649580 -0.201363 2
0.056890 -0.769531 3
-0.741326 -0.548494 2
-0.589798 0.665209 2
0.940257 -0.204078 3
-0.497217 -0.380757 1
-0.307098 -0.727932 1
-0.453021 0.910929 1
-0.658204 -0.839321 2
0.890482 -0.241410 3
0.244637 -0.368440 2
0.902606 0.467154 1
-0.216565 -0.625174 1
-0.082542 -0.698237 4
0.252820 0.780468 2
0.475944 0.603240 2
-0.420894 -0.467166 1
0.833709 -0.162220 3
-0.015660 -0.756089 4
-0.497012 -0.075403 1
0.039833 0.005771 3
0.543840 0.732734 1
0.277840 -0.909182 3
0.643663 0.619635 1
-0.748502 0.534146 2
-0.621775 0.496135 2
-0.834295 -0.719169 2
-0.036712 -0.050860 4
-0.344343 0.880746 1
0.250903 0.908477 3
0.661215 -0.273153 1
0.511717 -0.759679 1
0.259681 0.345426 2
0.078100 -0.755979 3
0.589337 0.581089 1
0.168617 -0.370831 2
-0.413140 -0.287543 1
-0.638096 0.864700 2
-0.196725 -0.994433 4
0.484335 0.054773 2
0.539713 0.862560 1
-0.449092 0.705418 1
-0.856609 0.514196 2
-0.345441 -0.200951 1
0.394942 0.905462 2
-0.292475 0.056157 4
-0.367691 -0.780758 1
0.296478 0.891990 2
0.564669 -0.625422 1
-0.863990 0.154005 4
0.955667 0.304628 3
0.783175 -0.457473 1
-0.982915 -0.854922 4
-0.592773 -0.179640 2
-0.849355 0.891562 4
0.875134 0.690358 1
0.754122 -0.573959 1
0.395776 0.897514 2
0.940238 -0.949665 3
-0.303438 0.335180 1
0.955797 0.404088 3
-0.608663 -0.411894 2
0.623330 0.687815 1
-0.519905 0.187999 2
-0.937607 -0.383894 4
-0.657996 -0.981940 4
0.920734 -0.874822 3
-0.439413 0.937819 1
-0.729743 -0.032186 4
-0.241821 -0.579098 1
-0.140624 -0.366688 1
-0.888740 -0.386502 2
0.059354 0.507037 2
-0.488988 -0.000408 4
0.557372 0.207574 1
-0.665228 0.513169 2
-0.388339 -0.273891 1
-0.898726 -0.765009 4
-0.586076 -0.418631 2
0.422990 -0.523682 2
0.197475 0.764994 2
-0.505622 0.118209 2
0.890172 0.054965 3
0.056027 -0.839571 3
-0.977221 0.814206 4
-0.418669 -0.117845 1
-0.552481 -0.307409 2
0.495654 0.506872 2
-0.800372 -0.993335 4
-0.493536 0.757000 1
0.214239 -0.158764 2
0.270168 0.825900 2
0.567345 0.371442 1
-0.939108 0.981269 4
0.952812 0.483882 3
-0.542413 0.150287 2
0.248875 -0.048035 3
-0.731504 0.139047 2
-0.993070 0.324523 4
0.299476 -0.970290 3
0.138729 0.880807 3
-0.088135 0.586248 1
-0.426602 -0.592481 1
0.093120 -0.226974 3
-0.585816 0.599584 2
-0.469974 0.628423 1
-0.559180 0.800194 2
0.454323 -0.991835 3
0.171636 0.515215 2
0.989434 0.124448 3
-0.000904 -0.552979 4
-0.725265 -0.752028 2
0.398986 -0.456769 2
0.387019 0.405916 2
0.867754 -0.313505 1
0.435626 0.006483 3
-0.432698 -0.652509 1
-0.407269 0.140699 1
-0.244990 0.685851 1
0.913725 0.169194 3
0.285435 -0.556249 2
-0.202383 0.726255 1
-0.756055 -0.748060 2
0.734420 0.415581 1
0.767155 0.723854 1
-0.459971 -0.233749 1
-0.829125 -0.185236 4
0.014223 0.569861 3
0.357994 -0.598758 2
-0.024223 0.225748 4
0.087737 -0.588597 2
-0.767769 0.655038 2
-0.241105 -0.175038 1
-0.204262 0.513905 1
-0.489187 -0.290537 1
-0.316902 0.796248 1
0.153214 0.480715 2
0.522503 0.397158 1
0.732655 0.256923 1
-0.187261 0.499810 1
-0.019223 0.352768 4
-0.733939 0.151652 2
-0.832468 0.280284 2
-0.278487 0.525526 1
0.681526 0.697290 1
-0.248726 -0.230737 1
-0.891307 -0.016495 4
-0.575699 -0.132412 2
0.808467 0.220039 1
-0.618507 -0.680720 2
0.929502 0.064591 3
-0.884473 0.082716 4
-0.454694 0.638030 1
-0.520126 -0.722039 2
-0.105047 0.292614 1
0.777771 0.875730 3
-0.354618 -0.956168 4
0.027381 -0.187087 3
0.324116 0.748894 2
-0.661560 0.005642 4
0.446184 0.089714 2
0.774905 0.554877 1
-0.926780 -0.800793 4
-0.577535 0.881687 2
0.419246 -0.196042 2
-0.799033 0.348748 2
0.868549 -0.683506 1
-0.568536 -0.586145 2
0.954524 -0.088662 3
-0.308184 -0.150523 1
-0.796048 -0.530413 2
-0.274794 -0.150667 1
-0.486581 0.752588 1
0.662247 0.837535 1
0.501481 -0.999314 3
-0.156822 -0.052335 4
0.090401 -0.381917 2
-0.497458 0.163620 1
-0.182710 -0.074993 4
0.045307 -0.763464 3
0.728965 0.246274 1
0.585283 0.597514 1
0.562768 -0.983253 3
-0.988632 0.517292 4
-0.071915 -0.296816 4
-0.633232 0.132037 2
0.172771 0.091975 3
0.981370 0.686191 3
-0.155438 0.643617 1
0.523726 -0.653956 1
0.644303 -0.633096 1
0.293709 -0.265296 2
-0.015013 0.796251 4
0.898324 0.802277 3
-0.278742 -0.056368 4
-0.961188 -0.549778 4
-0.810095 0.624096 2
-0.952264 0.752673 4
0.640843 -0.940896 3
0.269964 -0.431072 2
-0.237711 0.636733 1
0.700965 0.935060 3
-0.271293 0.682335 1
0.621251 0.573270 1
0.325952 0.144977 2
0.919313 -0.029744 3
0.511880 0.213022 1
0.704960 -0.503133 1
0.009272 0.603284 3
-0.700856 0.730530 2
-0.453084 -0.662044 1
-0.819248 -0.263179 2
0.962052 -0.771512 3
-0.510506 0.602894 2
-0.712407 0.759458 2
-0.828178 0.049881 4
0.396191 0.872787 2
-0.015058 -0.875102 4
0.555123 -0.393808 1
0.698168 -0.118925 1
0.751169 0.617481 1
0.851331 0.263049 1
-0.169497 0.556291 1
0.759917 0.839775 1
0.159575 -0.940939 3
0.570305 0.706491 1
-0.602983 0.751057 2
-0.556688 -0.640932 2
0.979545 -0.067194 3
0.961962 -0.732862 3
-0.307736 -0.866215 1
0.317019 -0.911545 3
-0.993428 -0.698039 4
-0.786647 0.561695 2
-0.091847 0.911521 4
-0.557230 -0.340678 2
0.529002 -0.705899 1
0.922372 -0.640496 1
0.850393 0.682288 1
-0.800721 0.009968 4
0.741349 0.769584 1
-0.283541 -0.861634 1
0.520641 0.159771 1
-0.502566 0.500187 2
-0.907423 -0.540604 2
0.767325 -0.215159 1
-0.406819 0.084344 1
-0.126704 -0.400247 1
0.386305 0.086649 2
-0.838552 -0.705542 2
-0.001830 -0.395782 4
-0.046220 -0.472829 4
-0.101680 -0.123848 4
-0.113325 -0.251288 4
-0.441560 0.085955 1
0.758680 -0.700211 1
-0.144461 -0.524861 1
-0.561845 -0.623820 2
0.634911 -0.064412 3
0.876366 0.727488 1
0.394985 0.643691 2
-0.487671 0.988165 4
-0.271965 0.385625 1
-0.412082 -0.885661 1
-0.527726 -0.250633 2
-0.591203 0.470443 2
0.353585 0.362577 2
0.997615 -0.748095 3
-0.761271 -0.115710 4
0.000617 -0.202831 3
0.970245 -0.240703 3
0.096958 -0.174217 3
0.234437 0.535113 2
0.201963 -0.130653 3
-0.529298 0.078329 2
-0.403165 0.865686 1
-0.277980 0.109164 4
0.853852 0.450055 1
-0.505211 -0.558230 2
0.564394 -0.032938 3
0.191137 0.973191 3
-0.562494 -0.455278 2
0.335768 -0.564880 2
-0.203374 0.574497 1
0.319410 0.797243 2
-0.628333 0.289655 2
-0.443459 0.468625 1
-0.884562 0.790977 4
0.003738 0.317401 3
-0.339675 0.474439 1
-0.604270 0.257159 2
0.340126 0.117750 2
-0.633677 0.193977 2
-0.432195 -0.138888 1
0.635747 -0.867801 1
0.828174 -0.173116 3
-0.894610 -0.734320 4
0.371605 0.441159 2
-0.299200 -0.831768 1
0.015656 -0.979790 3
0.965475 0.387323 3
0.309865 -0.477984 2
-0.144053 0.425303 1
-0.687007 0.859685 2
-0.257297 -0.026682 4
0.334125 0.138434 2
-0.769523 -0.325750 2
-0.743816 -0.403200 2
0.868228 -0.176011 3
0.457912 0.503975 2
-0.043812 0.286086 4
-0.669141 0.061578 4
0.551765 0.702464 1
-0.497263 -0.747435 1
0.870696 0.518393 1
-0.727225 0.836171 2
-0.094285 0.582639 1
-0.641814 0.761663 2
0.007942 -0.328821 3
0.621348 0.750645 1
0.644497 -0.044527 3
-0.110921 0.874974 4
0.629723 0.145263 1
-0.528226 0.497951 2
0.969252 0.929686 3
0.001925 -0.074560 3
0.215772 0.332784 2
0.987018 -0.232463 3
0.035248 -0.510245 3
0.020102 -0.094056 3
-0.991853 0.292877 4
-0.257886 -0.086137 4
-0.124484 0.100301 4
-0.324475 0.883458 1
0.771480 -0.703127 1
0.634103 0.415977 1
0.252346 -0.476817 2
0.290951 -0.117931 2
0.668446 0.762725 1
-0.619980 0.637698 2
0.692411 0.381945 1
-0.436862 -0.091817 1
-0.285271 -0.449844 1
0.675720 0.749977 1
0.039911 -0.304178 3
-0.344079 0.048059 4
0.988698 0.398035 3
0.961921 -0.135786 3
-0.501664 -0.362554 2
-0.252328 -0.730184 1
-0.065680 -0.618225 4
0.685793 -0.813334 1
-0.095042 -0.023256 4
0.068735 -0.426596 2
-0.260530 0.448755 1
-0.788898 -0.568119 2
-0.169300 -0.225760 1
0.340064 0.545429 2
0.324396 0.015784 3
0.295407 -0.635693 2
0.711606 0.951328 3
0.412365 0.700304 2
0.349363 0.374287 2
-0.435482 0.847699 1
-0.988267 0.312190 4
-0.882485 -0.053947 4
0.693965 0.803308 1
0.132718 -0.401077 2
-0.219947 -0.798547 1
0.172327 0.519523 2
0.650207 0.383428 1
0.951404 -0.519093 3
-0.842332 0.291468 2
-0.973663 0.482063 4
-0.692748 0.321743 2
0.846370 -0.981143 3
0.273071 0.258736 2
0.719161 -0.377565 1
-0.366978 -0.716321 1
-0.529866 -0.355245 2
0.595868 -0.412351 1
0.590808 0.289833 1
-0.609042 -0.276474 2
0.888756 0.171011 3
-0.075021 0.061083 4
-0.309467 -0.424814 1
-0.555489 -0.358063 2
0.056093 -0.397822 3
0.933405 0.082430 3
-0.915758 -0.759343 4
-0.595827 0.930612 2
-0.740486 0.677245 2
0.189347 0.978675 3
-0.700320 0.822370 2
-0.737646 -0.230186 2
-0.532875 0.858222 2
0.357463 -0.942067 3
0.148056 0.748421 2
-0.218541 0.036812 4
-0.080568 0.706438 4
-0.902105 0.609965 2
-0.718376 -0.457594 2
-0.748099 0.337717 2
0.144584 -0.814694 3
-0.579853 0.228826 2
-0.574037 -0.175679 2
0.159438 -0.314523 2
-0.498435 -0.651215 1
-0.335848 -0.198755 1
-0.828845 -0.073494 4
0.571059 -0.361720 1
-0.215272 -0.071478 4
-0.303787 0.932784 4
-0.323057 0.477672 1
-0.030404 0.596374 4
0.184110 0.067491 3
0.206339 0.465734 2
0.609896 0.458240 1
-0.196548 -0.245520 1
0.643546 0.223599 1
0.983306 -0.930491 3
-0.952080 0.142744 4
-0.245014 -0.450515 1
0.491529 0.419138 2
0.350730 0.662683 2
-0.654356 -0.078211 4
-0.699037 0.130372 2
0.850310 -0.002824 3
0.063156 -0.472747 2
-0.525152 -0.967248 4
-0.876373 0.658958 2
0.100242 0.329965 2
0.124692 -0.289861 2
-0.211795 0.928144 4
0.464619 -0.568248 2
0.151743 0.447925 2
-0.498739 0.199662 1
-0.409332 0.256246 1
0.749148 -0.917803 3
-0.324616 0.099878 1
0.744880 0.021028 3
-0.978334 -0.954157 4
-0.848601 0.871976 4
0.043019 0.214555 3
-0.600771 0.517867 2
0.247307 -0.477144 2
0.176825 -0.652451 2
0.852821 -0.698482 1
0.057687 -0.358974 3
-0.770338 -0.477694 2
0.072778 0.381404 2
0.970231 0.574038 3
-0.418933 -0.439100 1
-0.169715 -0.669786 1
-0.356903 0.505669 1
0.430092 -0.612023 2
-0.473304 0.451758 1
-0.566180 -0.321904 2
0.323734 0.476840 2
0.892651 0.722963 3
-0.005293 0.139957 4
-0.754181 -0.828468 2
0.487506 -0.901360 2
-0.526950 -0.454806 2
-0.260334 -0.297288 1
0.067500 0.812444 3
-0.915884 0.037731 4
0.386482 -0.334817 2
0.598631 -0.783233 1
-0.004603 -0.758272 4
0.722435 -0.574511 1
-0.370296 -0.750869 1
0.877247 0.063524 3
-0.072773 0.200981 4
-0.459636 -0.180122 1
-0.076056 0.535071 1
0.959835 0.169763 3
0.706603 0.447341 1
0.268403 -0.820347 2
0.992535 -0.991931 3
-0.117635 0.060035 4
0.820513 -0.033519 3
-0.902234 0.206995 4
0.631664 0.696397 1
0.423762 -0.372939 2
0.938125 0.146197 3
0.052549 -0.432171 3
0.395328 -0.070204 2
0.631354 -0.677445 1
-0.869222 -0.828282 4
0.142433 0.054722 3
0.706789 0.102268 3
-0.775515 0.413392 2
-0.450391 0.492888 1
0.593045 -0.457855 1
0.500957 -0.524590 1
0.602180 0.321470 1
0.441891 0.699946 2
-0.471535 0.073555 1
0.396344 0.952227 3
0.700615 0.334469 1
0.098424 -0.246835 3
0.902298 -0.506248 1
0.682961 0.533652 1
-0.183693 0.813739 1
0.705370 0.958741 3
-0.131539 0.412158 1
0.061009 0.092946 3
-0.174450 0.610618 1
-0.414166 -0.581404 1
-0.847237 -0.913208 4
-0.105994 0.754942 4
0.408262 -0.664103 2
0.454889 0.936727 2
0.409452 -0.148768 2
0.888953 0.110067 3
-0.814299 -0.012623 4
0.863232 -0.912001 3
0.481129 0.546193 2
0.621651 -0.702564 1
0.359931 0.327020 2
-0.743823 -0.771608 2
-0.260822 0.317186 1
0.321338 0.564728 2
-0.072196 0.907173 4
0.983324 0.080566 3
0.993964 -0.122670 3
-0.164491 0.402226 1
0.213227 -0.709603 2
0.338952 -0.377322 2
0.141630 0.227906 3
0.732745 0.327331 1
-0.784717 0.595977 2
0.415329 0.696412 2
0.142170 0.036980 3
0.993848 -0.497899 3
-0.636000 -0.749975 2
-0.269507 0.103178 4
0.567211 -0.948168 3
-0.332093 -0.504985 1
0.959004 -0.348770 3
0.575581 0.952968 3
0.528560 -0.588910 1
0.355194 -0.258213 2
-0.298513 -0.305853 1
0.364465 0.843117 2
0.922052 0.097211 3
0.170448 -0.862665 3
-0.306812 -0.414223 1
0.833747 0.835358 3
0.622757 0.827595 1
-0.662541 0.986757 4
-0.922380 0.067952 4
0.089935 0.644831 2
0.119784 0.757842 3
-0.860155 0.078788 4
-0.590928 0.715426 2
0.031756 0.937632 3
-0.873484 -0.613050 2
-0.320581 -0.171997 1
0.081097 -0.956115 3
-0.328880 0.003149 4
0.141096 0.841568 3
0.140484 0.834284 3
-0.572655 -0.025769 4
0.669641 -0.949898 3
-0.198174 -0.992900 4
-0.963141 -0.120554 4
0.075053 0.126794 3
-0.475723 -0.805163 1
-0.115364 -0.335878 1
0.273625 0.293708 2
-0.620452 -0.694619 2
0.231340 -0.493936 2
-0.307669 0.910760 4
0.334068 0.773428 2
0.954645 -0.994812 3
-0.223423 0.095741 4
0.846756 0.917062 3
-0.069976 -0.725898 4
-0.108707 -0.400334 1
-0.675796 0.693119 2
-0.393234 -0.638937 1
-0.427435 0.681819 1
0.487857 0.096841 2
0.876655 -0.627507 1
0.760963 0.150280 1
0.666201 -0.859489 1
0.455661 -0.102458 2
-0.353424 -0.852008 1
-0.191698 0.980643 4
0.921420 -0.237053 3
0.985832 -0.302003 3
0.858687 0.832588 3
-0.384941 -0.211289 1
-0.893311 0.506352 2
0.388377 -0.569107 2
0.199470 0.995143 3
-0.208044 0.772035 1
0.676962 -0.720186 1
-0.131124 0.553617 1
-0.347693 -0.370160 1
-0.296103 -0.681492 1
-0.229649 -0.840442 1
0.216050 0.416927 2
-0.692450 -0.975648 4
0.397570 -0.771030 2
-0.212701 0.383402 1
-0.073033 -0.354014 4
0.215990 0.542026 2
0.434698 0.322679 2
0.048378 -0.176925 3
0.753572 -0.752152 1
-0.181782 -0.454471 1
-0.980117 -0.504820 4
-0.174658 -0.111241 4
-0.951202 0.477649 4
0.518599 -0.247305 1
0.796158 -0.711050 1
-0.087747 0.012208 4
0.705877 0.219803 1
0.036560 0.103447 3
0.448772 0.823859 2
-0.513152 -0.624260 2
-0.530155 0.702838 2
0.917766 0.904543 3
0.025517 -0.033857 3
-0.272383 -0.220911 1
0.213991 0.545836 2
0.324618 0.233874 2
-0.958984 -0.850040 4
-0.877366 -0.910187 4
0.627610 0.641232 1
-0.157492 0.423767 1
0.930182 0.754761 3
-0.564025 0.636059 2
-0.025436 0.472536 4
-0.260495 -0.576664 1
0.296395 0.226354 2
-0.200924 0.766240 1
-0.070808 -0.283159 4
0.670783 0.954709 3
0.682984 -0.601600 1
-0.266202 -0.103024 4
0.944236 -0.941584 3
-0.869150 0.985252 4
-0.791624 -0.746517 2
-0.924935 0.835986 4
0.894716 -0.082427 3
0.259753 0.824898 2
-0.327666 0.695728 1
0.460957 0.646898 2
0.168264 -0.799538 2
-0.929766 -0.535341 2
0.426816 -0.130690 2
-0.769101 -0.643993 2
0.586151 0.901682 1
-0.689284 0.269136 2
-0.699918 0.044514 4
-0.833889 -0.755682 2
0.102929 -0.703039 2
-0.770431 0.311306 2
-0.449556 -0.695366 1
0.147291 -0.554840 2
0.222208 -0.592956 2
-0.729942 0.894542 4
-0.897227 0.731015 4
0.541440 0.271037 1
0.931477 0.611674 1
0.735696 0.358292 1
-0.519016 0.966595 4
0.714299 -0.932865 3
0.868277 -0.974985 3
0.336271 -0.831641 2
0.069528 0.502382 2
-0.587324 -0.827542 2
0.799343 -0.357754 1
0.483763 -0.650213 2
-0.053120 -0.368945 4
-0.205053 -0.830912 1
0.038099 0.065005 3
-0.936371 0.140872 4
-0.203980 0.605069 1
-0.588091 -0.272504 2
0.216743 -0.852395 3
-0.914212 0.697727 4
-0.885800 0.800087 4
0.764862 0.982476 3
0.825102 0.101133 3
-0.849165 -0.105369 4
-0.396486 -0.436489 1
0.067088 -0.597143 2
0.205757 -0.449148 2
-0.247356 -0.847363 1
0.181907 0.547591 2
-0.678275 -0.779994 2
-0.387403 -0.614645 1
0.360879 0.408616 2
0.990424 0.772788 3
-0.863887 0.207167 4
0.920393 -0.778099 3
-0.095106 -0.965407 4
-0.978012 -0.330244 4
-0.982931 0.847091 4
0.770889 -0.832096 1
-0.258279 -0.625597 1
-0.268584 0.808810 1
-0.222740 0.937173 4
-0.640338 0.529904 2
-0.910190 0.541568 2
0.077496 -0.588465 2
0.761575 0.690093 1
-0.203110 0.122453 4
0.098709 -0.212687 3
-0.104759 0.234822 4
0.994480 -0.184366 3
0.456723 -0.100626 2
-0.149773 0.478711 1
0.569130 -0.132704 1
0.325802 0.340019 2
0.035200 -0.932477 3
0.714422 0.766616 1
0.876333 -0.508318 1
0.703789 -0.764005 1
-0.978413 0.793599 4
0.777563 0.099083 3
-0.794866 0.539137 2
-0.210825 0.002024 4
-0.338409 0.887884 1
0.789337 0.556831 1
0.122706 0.783818 3
-0.627535 -0.420571 2
-0.316808 0.222692 1
-0.941860 -0.747677 4
-0.910012 0.383942 2
0.592342 0.125189 1
0.451465 0.306764 2
-0.108195 0.327798 1
0.798446 -0.404406 1
0.563793 0.820033 1
-0.610807 0.341356 2
-0.080885 -0.405673 1
-0.119507 0.708291 1
0.596351 0.542084 1
0.596175 0.385689 1
0.098915 -0.281119 3
0.169507 0.471381 2
0.298310 0.852699 2
-0.305927 0.356450 1
-0.894978 -0.215939 4
-0.259608 0.697363 1
0.909250 -0.808142 3
0.004127 -0.198945 3
0.519656 -0.197427 1
0.396649 0.083449 2
-0.377394 0.785842 1
-0.575195 0.541721 2
-0.619831 0.305298 2
0.250012 0.976521 3
-0.152618 -0.153813 4
0.362209 0.946297 3
0.565068 -0.468284 1
0.417678 -0.136622 2
-0.615585 -0.888249 2
-0.780171 -0.510563 2
-0.104188 -0.039779 4
-0.813200 -0.194938 2
0.152079 0.190927 3
0.606117 -0.328265 1
0.993500 0.002766 3
